nama_variabel;nama_variabel_turunan;nama_tahun;nama_turunan_tahun;data_content;nama_item_vertical_variabel
Angka Partisipasi Sekolah ( A P S );7-12;2011;Tahun;98.99;ACEH
"Angka Partisipasi Sekolah ( A P S );7-12;2011;Tahun;98.34;""SUMATERA UTARA"""
"Angka Partisipasi Sekolah ( A P S );7-12;2011;Tahun;98.09;""SUMATERA BARAT"""
Angka Partisipasi Sekolah ( A P S );7-12;2011;Tahun;97.68;RIAU
Angka Partisipasi Sekolah ( A P S );7-12;2011;Tahun;98.27;JAMBI
"Angka Partisipasi Sekolah ( A P S );7-12;2011;Tahun;97.95;""SUMATERA SELATAN"""
Angka Partisipasi Sekolah ( A P S );7-12;2011;Tahun;98.41;BENGKULU
Angka Partisipasi Sekolah ( A P S );7-12;2011;Tahun;97.94;LAMPUNG
"Angka Partisipasi Sekolah ( A P S );7-12;2011;Tahun;97.28;""KEP. BANGKA BELITUNG"""
"Angka Partisipasi Sekolah ( A P S );7-12;2011;Tahun;97.61;""KEP. RIAU"""
"Angka Partisipasi Sekolah ( A P S );7-12;2011;Tahun;98.14;""DKI JAKARTA"""
"Angka Partisipasi Sekolah ( A P S );7-12;2011;Tahun;97.89;""JAWA BARAT"""
"Angka Partisipasi Sekolah ( A P S );7-12;2011;Tahun;98.61;""JAWA TENGAH"""
"Angka Partisipasi Sekolah ( A P S );7-12;2011;Tahun;99.43;""DI YOGYAKARTA"""
"Angka Partisipasi Sekolah ( A P S );7-12;2011;Tahun;98.27;""JAWA TIMUR"""
Angka Partisipasi Sekolah ( A P S );7-12;2011;Tahun;98.22;BANTEN
Angka Partisipasi Sekolah ( A P S );7-12;2011;Tahun;98.38;BALI
"Angka Partisipasi Sekolah ( A P S );7-12;2011;Tahun;97.85;""NUSA TENGGARA BARAT"""
"Angka Partisipasi Sekolah ( A P S );7-12;2011;Tahun;96.03;""NUSA TENGGARA TIMUR"""
"Angka Partisipasi Sekolah ( A P S );7-12;2011;Tahun;96.28;""KALIMANTAN BARAT"""
"Angka Partisipasi Sekolah ( A P S );7-12;2011;Tahun;98.12;""KALIMANTAN TENGAH"""
"Angka Partisipasi Sekolah ( A P S );7-12;2011;Tahun;97.75;""KALIMANTAN SELATAN"""
"Angka Partisipasi Sekolah ( A P S );7-12;2011;Tahun;98.62;""KALIMANTAN TIMUR"""
"Angka Partisipasi Sekolah ( A P S );7-12;2011;Tahun;-;""KALIMANTAN UTARA"""
"Angka Partisipasi Sekolah ( A P S );7-12;2011;Tahun;98.02;""SULAWESI UTARA"""
"Angka Partisipasi Sekolah ( A P S );7-12;2011;Tahun;97;""SULAWESI TENGAH"""
"Angka Partisipasi Sekolah ( A P S );7-12;2011;Tahun;97.22;""SULAWESI SELATAN"""
"Angka Partisipasi Sekolah ( A P S );7-12;2011;Tahun;97.36;""SULAWESI TENGGARA"""
Angka Partisipasi Sekolah ( A P S );7-12;2011;Tahun;96.91;GORONTALO
"Angka Partisipasi Sekolah ( A P S );7-12;2011;Tahun;95.86;""SULAWESI BARAT"""
Angka Partisipasi Sekolah ( A P S );7-12;2011;Tahun;98.39;MALUKU
"Angka Partisipasi Sekolah ( A P S );7-12;2011;Tahun;97.15;""MALUKU UTARA"""
"Angka Partisipasi Sekolah ( A P S );7-12;2011;Tahun;94.5;""PAPUA BARAT"""
Angka Partisipasi Sekolah ( A P S );7-12;2011;Tahun;72.61;PAPUA
Angka Partisipasi Sekolah ( A P S );7-12;2011;Tahun;97.62;INDONESIA
Angka Partisipasi Sekolah ( A P S );13-15;2011;Tahun;94.37;ACEH
"Angka Partisipasi Sekolah ( A P S );13-15;2011;Tahun;89;""SUMATERA UTARA"""
"Angka Partisipasi Sekolah ( A P S );13-15;2011;Tahun;90.12;""SUMATERA BARAT"""
Angka Partisipasi Sekolah ( A P S );13-15;2011;Tahun;88.28;RIAU
Angka Partisipasi Sekolah ( A P S );13-15;2011;Tahun;88.08;JAMBI
"Angka Partisipasi Sekolah ( A P S );13-15;2011;Tahun;86.45;""SUMATERA SELATAN"""
Angka Partisipasi Sekolah ( A P S );13-15;2011;Tahun;90.97;BENGKULU
Angka Partisipasi Sekolah ( A P S );13-15;2011;Tahun;86.39;LAMPUNG
"Angka Partisipasi Sekolah ( A P S );13-15;2011;Tahun;84.53;""KEP. BANGKA BELITUNG"""
"Angka Partisipasi Sekolah ( A P S );13-15;2011;Tahun;96.57;""KEP. RIAU"""
"Angka Partisipasi Sekolah ( A P S );13-15;2011;Tahun;92.38;""DKI JAKARTA"""
"Angka Partisipasi Sekolah ( A P S );13-15;2011;Tahun;85.97;""JAWA BARAT"""
"Angka Partisipasi Sekolah ( A P S );13-15;2011;Tahun;88.38;""JAWA TENGAH"""
"Angka Partisipasi Sekolah ( A P S );13-15;2011;Tahun;97.66;""DI YOGYAKARTA"""
"Angka Partisipasi Sekolah ( A P S );13-15;2011;Tahun;90.11;""JAWA TIMUR"""
Angka Partisipasi Sekolah ( A P S );13-15;2011;Tahun;88.47;BANTEN
Angka Partisipasi Sekolah ( A P S );13-15;2011;Tahun;92.36;BALI
"Angka Partisipasi Sekolah ( A P S );13-15;2011;Tahun;91.4;""NUSA TENGGARA BARAT"""
"Angka Partisipasi Sekolah ( A P S );13-15;2011;Tahun;86.01;""NUSA TENGGARA TIMUR"""
"Angka Partisipasi Sekolah ( A P S );13-15;2011;Tahun;83.94;""KALIMANTAN BARAT"""
"Angka Partisipasi Sekolah ( A P S );13-15;2011;Tahun;85.53;""KALIMANTAN TENGAH"""
"Angka Partisipasi Sekolah ( A P S );13-15;2011;Tahun;83.05;""KALIMANTAN SELATAN"""
"Angka Partisipasi Sekolah ( A P S );13-15;2011;Tahun;92.4;""KALIMANTAN TIMUR"""
"Angka Partisipasi Sekolah ( A P S );13-15;2011;Tahun;-;""KALIMANTAN UTARA"""
"Angka Partisipasi Sekolah ( A P S );13-15;2011;Tahun;87.59;""SULAWESI UTARA"""
"Angka Partisipasi Sekolah ( A P S );13-15;2011;Tahun;85.32;""SULAWESI TENGAH"""
"Angka Partisipasi Sekolah ( A P S );13-15;2011;Tahun;84.67;""SULAWESI SELATAN"""
"Angka Partisipasi Sekolah ( A P S );13-15;2011;Tahun;86.89;""SULAWESI TENGGARA"""
Angka Partisipasi Sekolah ( A P S );13-15;2011;Tahun;83.75;GORONTALO
"Angka Partisipasi Sekolah ( A P S );13-15;2011;Tahun;82.69;""SULAWESI BARAT"""
Angka Partisipasi Sekolah ( A P S );13-15;2011;Tahun;92.06;MALUKU
"Angka Partisipasi Sekolah ( A P S );13-15;2011;Tahun;90.11;""MALUKU UTARA"""
"Angka Partisipasi Sekolah ( A P S );13-15;2011;Tahun;88.37;""PAPUA BARAT"""
Angka Partisipasi Sekolah ( A P S );13-15;2011;Tahun;70.43;PAPUA
Angka Partisipasi Sekolah ( A P S );13-15;2011;Tahun;87.99;INDONESIA
Angka Partisipasi Sekolah ( A P S );16-18;2011;Tahun;72.14;ACEH
"Angka Partisipasi Sekolah ( A P S );16-18;2011;Tahun;67.1;""SUMATERA UTARA"""
"Angka Partisipasi Sekolah ( A P S );16-18;2011;Tahun;68.84;""SUMATERA BARAT"""
Angka Partisipasi Sekolah ( A P S );16-18;2011;Tahun;65.41;RIAU
Angka Partisipasi Sekolah ( A P S );16-18;2011;Tahun;59.99;JAMBI
"Angka Partisipasi Sekolah ( A P S );16-18;2011;Tahun;56.54;""SUMATERA SELATAN"""
Angka Partisipasi Sekolah ( A P S );16-18;2011;Tahun;62.86;BENGKULU
Angka Partisipasi Sekolah ( A P S );16-18;2011;Tahun;56.24;LAMPUNG
"Angka Partisipasi Sekolah ( A P S );16-18;2011;Tahun;49.92;""KEP. BANGKA BELITUNG"""
"Angka Partisipasi Sekolah ( A P S );16-18;2011;Tahun;68.17;""KEP. RIAU"""
"Angka Partisipasi Sekolah ( A P S );16-18;2011;Tahun;59.72;""DKI JAKARTA"""
"Angka Partisipasi Sekolah ( A P S );16-18;2011;Tahun;50.36;""JAWA BARAT"""
"Angka Partisipasi Sekolah ( A P S );16-18;2011;Tahun;54.76;""JAWA TENGAH"""
"Angka Partisipasi Sekolah ( A P S );16-18;2011;Tahun;75.6;""DI YOGYAKARTA"""
"Angka Partisipasi Sekolah ( A P S );16-18;2011;Tahun;58.54;""JAWA TIMUR"""
Angka Partisipasi Sekolah ( A P S );16-18;2011;Tahun;56.01;BANTEN
Angka Partisipasi Sekolah ( A P S );16-18;2011;Tahun;68.22;BALI
"Angka Partisipasi Sekolah ( A P S );16-18;2011;Tahun;60.09;""NUSA TENGGARA BARAT"""
"Angka Partisipasi Sekolah ( A P S );16-18;2011;Tahun;60.06;""NUSA TENGGARA TIMUR"""
"Angka Partisipasi Sekolah ( A P S );16-18;2011;Tahun;50.17;""KALIMANTAN BARAT"""
"Angka Partisipasi Sekolah ( A P S );16-18;2011;Tahun;55.75;""KALIMANTAN TENGAH"""
"Angka Partisipasi Sekolah ( A P S );16-18;2011;Tahun;53.89;""KALIMANTAN SELATAN"""
"Angka Partisipasi Sekolah ( A P S );16-18;2011;Tahun;69.1;""KALIMANTAN TIMUR"""
"Angka Partisipasi Sekolah ( A P S );16-18;2011;Tahun;-;""KALIMANTAN UTARA"""
"Angka Partisipasi Sekolah ( A P S );16-18;2011;Tahun;60.77;""SULAWESI UTARA"""
"Angka Partisipasi Sekolah ( A P S );16-18;2011;Tahun;59.49;""SULAWESI TENGAH"""
"Angka Partisipasi Sekolah ( A P S );16-18;2011;Tahun;57.15;""SULAWESI SELATAN"""
"Angka Partisipasi Sekolah ( A P S );16-18;2011;Tahun;62.29;""SULAWESI TENGGARA"""
Angka Partisipasi Sekolah ( A P S );16-18;2011;Tahun;58.14;GORONTALO
"Angka Partisipasi Sekolah ( A P S );16-18;2011;Tahun;57.3;""SULAWESI BARAT"""
Angka Partisipasi Sekolah ( A P S );16-18;2011;Tahun;67.34;MALUKU
"Angka Partisipasi Sekolah ( A P S );16-18;2011;Tahun;65.12;""MALUKU UTARA"""
"Angka Partisipasi Sekolah ( A P S );16-18;2011;Tahun;65.53;""PAPUA BARAT"""
Angka Partisipasi Sekolah ( A P S );16-18;2011;Tahun;49.71;PAPUA
Angka Partisipasi Sekolah ( A P S );16-18;2011;Tahun;57.95;INDONESIA
Angka Partisipasi Sekolah ( A P S );19-24;2011;Tahun;27.68;ACEH
"Angka Partisipasi Sekolah ( A P S );19-24;2011;Tahun;16.94;""SUMATERA UTARA"""
"Angka Partisipasi Sekolah ( A P S );19-24;2011;Tahun;23.95;""SUMATERA BARAT"""
Angka Partisipasi Sekolah ( A P S );19-24;2011;Tahun;15.34;RIAU
Angka Partisipasi Sekolah ( A P S );19-24;2011;Tahun;15.64;JAMBI
"Angka Partisipasi Sekolah ( A P S );19-24;2011;Tahun;12.75;""SUMATERA SELATAN"""
Angka Partisipasi Sekolah ( A P S );19-24;2011;Tahun;17.02;BENGKULU
Angka Partisipasi Sekolah ( A P S );19-24;2011;Tahun;10.39;LAMPUNG
"Angka Partisipasi Sekolah ( A P S );19-24;2011;Tahun;8.63;""KEP. BANGKA BELITUNG"""
"Angka Partisipasi Sekolah ( A P S );19-24;2011;Tahun;9.67;""KEP. RIAU"""
"Angka Partisipasi Sekolah ( A P S );19-24;2011;Tahun;17.83;""DKI JAKARTA"""
"Angka Partisipasi Sekolah ( A P S );19-24;2011;Tahun;11.15;""JAWA BARAT"""
"Angka Partisipasi Sekolah ( A P S );19-24;2011;Tahun;11.51;""JAWA TENGAH"""
"Angka Partisipasi Sekolah ( A P S );19-24;2011;Tahun;44.17;""DI YOGYAKARTA"""
"Angka Partisipasi Sekolah ( A P S );19-24;2011;Tahun;12.69;""JAWA TIMUR"""
Angka Partisipasi Sekolah ( A P S );19-24;2011;Tahun;13.56;BANTEN
Angka Partisipasi Sekolah ( A P S );19-24;2011;Tahun;18.93;BALI
"Angka Partisipasi Sekolah ( A P S );19-24;2011;Tahun;16.99;""NUSA TENGGARA BARAT"""
"Angka Partisipasi Sekolah ( A P S );19-24;2011;Tahun;17.4;""NUSA TENGGARA TIMUR"""
"Angka Partisipasi Sekolah ( A P S );19-24;2011;Tahun;11.94;""KALIMANTAN BARAT"""
"Angka Partisipasi Sekolah ( A P S );19-24;2011;Tahun;13.05;""KALIMANTAN TENGAH"""
"Angka Partisipasi Sekolah ( A P S );19-24;2011;Tahun;13.62;""KALIMANTAN SELATAN"""
"Angka Partisipasi Sekolah ( A P S );19-24;2011;Tahun;16.92;""KALIMANTAN TIMUR"""
"Angka Partisipasi Sekolah ( A P S );19-24;2011;Tahun;-;""KALIMANTAN UTARA"""
"Angka Partisipasi Sekolah ( A P S );19-24;2011;Tahun;15.16;""SULAWESI UTARA"""
"Angka Partisipasi Sekolah ( A P S );19-24;2011;Tahun;16.72;""SULAWESI TENGAH"""
"Angka Partisipasi Sekolah ( A P S );19-24;2011;Tahun;21.46;""SULAWESI SELATAN"""
"Angka Partisipasi Sekolah ( A P S );19-24;2011;Tahun;21.48;""SULAWESI TENGGARA"""
Angka Partisipasi Sekolah ( A P S );19-24;2011;Tahun;19.85;GORONTALO
"Angka Partisipasi Sekolah ( A P S );19-24;2011;Tahun;13.03;""SULAWESI BARAT"""
Angka Partisipasi Sekolah ( A P S );19-24;2011;Tahun;26.71;MALUKU
"Angka Partisipasi Sekolah ( A P S );19-24;2011;Tahun;19.33;""MALUKU UTARA"""
"Angka Partisipasi Sekolah ( A P S );19-24;2011;Tahun;16.46;""PAPUA BARAT"""
Angka Partisipasi Sekolah ( A P S );19-24;2011;Tahun;12.81;PAPUA
Angka Partisipasi Sekolah ( A P S );19-24;2011;Tahun;14.82;INDONESIA
Angka Partisipasi Sekolah ( A P S );7-12;2012;Tahun;99.36;ACEH
"Angka Partisipasi Sekolah ( A P S );7-12;2012;Tahun;98.6;""SUMATERA UTARA"""
"Angka Partisipasi Sekolah ( A P S );7-12;2012;Tahun;98.34;""SUMATERA BARAT"""
Angka Partisipasi Sekolah ( A P S );7-12;2012;Tahun;98.13;RIAU
Angka Partisipasi Sekolah ( A P S );7-12;2012;Tahun;98.7;JAMBI
"Angka Partisipasi Sekolah ( A P S );7-12;2012;Tahun;98.11;""SUMATERA SELATAN"""
Angka Partisipasi Sekolah ( A P S );7-12;2012;Tahun;98.97;BENGKULU
Angka Partisipasi Sekolah ( A P S );7-12;2012;Tahun;98.64;LAMPUNG
"Angka Partisipasi Sekolah ( A P S );7-12;2012;Tahun;97.72;""KEP. BANGKA BELITUNG"""
"Angka Partisipasi Sekolah ( A P S );7-12;2012;Tahun;98.44;""KEP. RIAU"""
"Angka Partisipasi Sekolah ( A P S );7-12;2012;Tahun;99.04;""DKI JAKARTA"""
"Angka Partisipasi Sekolah ( A P S );7-12;2012;Tahun;98.36;""JAWA BARAT"""
"Angka Partisipasi Sekolah ( A P S );7-12;2012;Tahun;98.87;""JAWA TENGAH"""
"Angka Partisipasi Sekolah ( A P S );7-12;2012;Tahun;99.77;""DI YOGYAKARTA"""
"Angka Partisipasi Sekolah ( A P S );7-12;2012;Tahun;98.65;""JAWA TIMUR"""
Angka Partisipasi Sekolah ( A P S );7-12;2012;Tahun;98.26;BANTEN
Angka Partisipasi Sekolah ( A P S );7-12;2012;Tahun;99.18;BALI
"Angka Partisipasi Sekolah ( A P S );7-12;2012;Tahun;98.18;""NUSA TENGGARA BARAT"""
"Angka Partisipasi Sekolah ( A P S );7-12;2012;Tahun;96.15;""NUSA TENGGARA TIMUR"""
"Angka Partisipasi Sekolah ( A P S );7-12;2012;Tahun;96.66;""KALIMANTAN BARAT"""
"Angka Partisipasi Sekolah ( A P S );7-12;2012;Tahun;98.62;""KALIMANTAN TENGAH"""
"Angka Partisipasi Sekolah ( A P S );7-12;2012;Tahun;97.85;""KALIMANTAN SELATAN"""
"Angka Partisipasi Sekolah ( A P S );7-12;2012;Tahun;99.12;""KALIMANTAN TIMUR"""
"Angka Partisipasi Sekolah ( A P S );7-12;2012;Tahun;-;""KALIMANTAN UTARA"""
"Angka Partisipasi Sekolah ( A P S );7-12;2012;Tahun;98.16;""SULAWESI UTARA"""
"Angka Partisipasi Sekolah ( A P S );7-12;2012;Tahun;96.87;""SULAWESI TENGAH"""
"Angka Partisipasi Sekolah ( A P S );7-12;2012;Tahun;97.62;""SULAWESI SELATAN"""
"Angka Partisipasi Sekolah ( A P S );7-12;2012;Tahun;97.57;""SULAWESI TENGGARA"""
Angka Partisipasi Sekolah ( A P S );7-12;2012;Tahun;97.74;GORONTALO
"Angka Partisipasi Sekolah ( A P S );7-12;2012;Tahun;96.19;""SULAWESI BARAT"""
Angka Partisipasi Sekolah ( A P S );7-12;2012;Tahun;98.27;MALUKU
"Angka Partisipasi Sekolah ( A P S );7-12;2012;Tahun;98.31;""MALUKU UTARA"""
"Angka Partisipasi Sekolah ( A P S );7-12;2012;Tahun;95.59;""PAPUA BARAT"""
Angka Partisipasi Sekolah ( A P S );7-12;2012;Tahun;75.45;PAPUA
Angka Partisipasi Sekolah ( A P S );7-12;2012;Tahun;98.02;INDONESIA
Angka Partisipasi Sekolah ( A P S );13-15;2012;Tahun;94.34;ACEH
"Angka Partisipasi Sekolah ( A P S );13-15;2012;Tahun;90.83;""SUMATERA UTARA"""
"Angka Partisipasi Sekolah ( A P S );13-15;2012;Tahun;90.5;""SUMATERA BARAT"""
Angka Partisipasi Sekolah ( A P S );13-15;2012;Tahun;88.01;RIAU
Angka Partisipasi Sekolah ( A P S );13-15;2012;Tahun;91.11;JAMBI
"Angka Partisipasi Sekolah ( A P S );13-15;2012;Tahun;88.75;""SUMATERA SELATAN"""
Angka Partisipasi Sekolah ( A P S );13-15;2012;Tahun;93.22;BENGKULU
Angka Partisipasi Sekolah ( A P S );13-15;2012;Tahun;90;LAMPUNG
"Angka Partisipasi Sekolah ( A P S );13-15;2012;Tahun;84.09;""KEP. BANGKA BELITUNG"""
"Angka Partisipasi Sekolah ( A P S );13-15;2012;Tahun;94.93;""KEP. RIAU"""
"Angka Partisipasi Sekolah ( A P S );13-15;2012;Tahun;94.07;""DKI JAKARTA"""
"Angka Partisipasi Sekolah ( A P S );13-15;2012;Tahun;88.68;""JAWA BARAT"""
"Angka Partisipasi Sekolah ( A P S );13-15;2012;Tahun;89.59;""JAWA TENGAH"""
"Angka Partisipasi Sekolah ( A P S );13-15;2012;Tahun;98.35;""DI YOGYAKARTA"""
"Angka Partisipasi Sekolah ( A P S );13-15;2012;Tahun;91.62;""JAWA TIMUR"""
Angka Partisipasi Sekolah ( A P S );13-15;2012;Tahun;91.1;BANTEN
Angka Partisipasi Sekolah ( A P S );13-15;2012;Tahun;95.04;BALI
"Angka Partisipasi Sekolah ( A P S );13-15;2012;Tahun;91.25;""NUSA TENGGARA BARAT"""
"Angka Partisipasi Sekolah ( A P S );13-15;2012;Tahun;88.62;""NUSA TENGGARA TIMUR"""
"Angka Partisipasi Sekolah ( A P S );13-15;2012;Tahun;85.52;""KALIMANTAN BARAT"""
"Angka Partisipasi Sekolah ( A P S );13-15;2012;Tahun;85.68;""KALIMANTAN TENGAH"""
"Angka Partisipasi Sekolah ( A P S );13-15;2012;Tahun;85.62;""KALIMANTAN SELATAN"""
"Angka Partisipasi Sekolah ( A P S );13-15;2012;Tahun;96.32;""KALIMANTAN TIMUR"""
"Angka Partisipasi Sekolah ( A P S );13-15;2012;Tahun;-;""KALIMANTAN UTARA"""
"Angka Partisipasi Sekolah ( A P S );13-15;2012;Tahun;88.34;""SULAWESI UTARA"""
"Angka Partisipasi Sekolah ( A P S );13-15;2012;Tahun;85.81;""SULAWESI TENGAH"""
"Angka Partisipasi Sekolah ( A P S );13-15;2012;Tahun;87.85;""SULAWESI SELATAN"""
"Angka Partisipasi Sekolah ( A P S );13-15;2012;Tahun;88.25;""SULAWESI TENGGARA"""
Angka Partisipasi Sekolah ( A P S );13-15;2012;Tahun;82.91;GORONTALO
"Angka Partisipasi Sekolah ( A P S );13-15;2012;Tahun;82.17;""SULAWESI BARAT"""
Angka Partisipasi Sekolah ( A P S );13-15;2012;Tahun;94.76;MALUKU
"Angka Partisipasi Sekolah ( A P S );13-15;2012;Tahun;90.83;""MALUKU UTARA"""
"Angka Partisipasi Sekolah ( A P S );13-15;2012;Tahun;91.13;""PAPUA BARAT"""
Angka Partisipasi Sekolah ( A P S );13-15;2012;Tahun;69.07;PAPUA
Angka Partisipasi Sekolah ( A P S );13-15;2012;Tahun;89.76;INDONESIA
Angka Partisipasi Sekolah ( A P S );16-18;2012;Tahun;74.59;ACEH
"Angka Partisipasi Sekolah ( A P S );16-18;2012;Tahun;69.86;""SUMATERA UTARA"""
"Angka Partisipasi Sekolah ( A P S );16-18;2012;Tahun;71.24;""SUMATERA BARAT"""
Angka Partisipasi Sekolah ( A P S );16-18;2012;Tahun;66.55;RIAU
Angka Partisipasi Sekolah ( A P S );16-18;2012;Tahun;59.71;JAMBI
"Angka Partisipasi Sekolah ( A P S );16-18;2012;Tahun;58.66;""SUMATERA SELATAN"""
Angka Partisipasi Sekolah ( A P S );16-18;2012;Tahun;67.76;BENGKULU
Angka Partisipasi Sekolah ( A P S );16-18;2012;Tahun;60.43;LAMPUNG
"Angka Partisipasi Sekolah ( A P S );16-18;2012;Tahun;52.02;""KEP. BANGKA BELITUNG"""
"Angka Partisipasi Sekolah ( A P S );16-18;2012;Tahun;70.94;""KEP. RIAU"""
"Angka Partisipasi Sekolah ( A P S );16-18;2012;Tahun;61.87;""DKI JAKARTA"""
"Angka Partisipasi Sekolah ( A P S );16-18;2012;Tahun;56.3;""JAWA BARAT"""
"Angka Partisipasi Sekolah ( A P S );16-18;2012;Tahun;58.65;""JAWA TENGAH"""
"Angka Partisipasi Sekolah ( A P S );16-18;2012;Tahun;80.04;""DI YOGYAKARTA"""
"Angka Partisipasi Sekolah ( A P S );16-18;2012;Tahun;61.87;""JAWA TIMUR"""
Angka Partisipasi Sekolah ( A P S );16-18;2012;Tahun;59.8;BANTEN
Angka Partisipasi Sekolah ( A P S );16-18;2012;Tahun;71.44;BALI
"Angka Partisipasi Sekolah ( A P S );16-18;2012;Tahun;61.07;""NUSA TENGGARA BARAT"""
"Angka Partisipasi Sekolah ( A P S );16-18;2012;Tahun;61.92;""NUSA TENGGARA TIMUR"""
"Angka Partisipasi Sekolah ( A P S );16-18;2012;Tahun;55.13;""KALIMANTAN BARAT"""
"Angka Partisipasi Sekolah ( A P S );16-18;2012;Tahun;55.06;""KALIMANTAN TENGAH"""
"Angka Partisipasi Sekolah ( A P S );16-18;2012;Tahun;58.16;""KALIMANTAN SELATAN"""
"Angka Partisipasi Sekolah ( A P S );16-18;2012;Tahun;71.73;""KALIMANTAN TIMUR"""
"Angka Partisipasi Sekolah ( A P S );16-18;2012;Tahun;-;""KALIMANTAN UTARA"""
"Angka Partisipasi Sekolah ( A P S );16-18;2012;Tahun;65.28;""SULAWESI UTARA"""
"Angka Partisipasi Sekolah ( A P S );16-18;2012;Tahun;61.05;""SULAWESI TENGAH"""
"Angka Partisipasi Sekolah ( A P S );16-18;2012;Tahun;62.16;""SULAWESI SELATAN"""
"Angka Partisipasi Sekolah ( A P S );16-18;2012;Tahun;65.04;""SULAWESI TENGGARA"""
Angka Partisipasi Sekolah ( A P S );16-18;2012;Tahun;59.37;GORONTALO
"Angka Partisipasi Sekolah ( A P S );16-18;2012;Tahun;56.8;""SULAWESI BARAT"""
Angka Partisipasi Sekolah ( A P S );16-18;2012;Tahun;68.33;MALUKU
"Angka Partisipasi Sekolah ( A P S );16-18;2012;Tahun;69.01;""MALUKU UTARA"""
"Angka Partisipasi Sekolah ( A P S );16-18;2012;Tahun;65.04;""PAPUA BARAT"""
Angka Partisipasi Sekolah ( A P S );16-18;2012;Tahun;50.01;PAPUA
Angka Partisipasi Sekolah ( A P S );16-18;2012;Tahun;61.49;INDONESIA
Angka Partisipasi Sekolah ( A P S );19-24;2012;Tahun;28.55;ACEH
"Angka Partisipasi Sekolah ( A P S );19-24;2012;Tahun;17.27;""SUMATERA UTARA"""
"Angka Partisipasi Sekolah ( A P S );19-24;2012;Tahun;27.55;""SUMATERA BARAT"""
Angka Partisipasi Sekolah ( A P S );19-24;2012;Tahun;15.81;RIAU
Angka Partisipasi Sekolah ( A P S );19-24;2012;Tahun;15.22;JAMBI
"Angka Partisipasi Sekolah ( A P S );19-24;2012;Tahun;13.91;""SUMATERA SELATAN"""
Angka Partisipasi Sekolah ( A P S );19-24;2012;Tahun;19.64;BENGKULU
Angka Partisipasi Sekolah ( A P S );19-24;2012;Tahun;11.9;LAMPUNG
"Angka Partisipasi Sekolah ( A P S );19-24;2012;Tahun;9.3;""KEP. BANGKA BELITUNG"""
"Angka Partisipasi Sekolah ( A P S );19-24;2012;Tahun;10.14;""KEP. RIAU"""
"Angka Partisipasi Sekolah ( A P S );19-24;2012;Tahun;18.02;""DKI JAKARTA"""
"Angka Partisipasi Sekolah ( A P S );19-24;2012;Tahun;12.25;""JAWA BARAT"""
"Angka Partisipasi Sekolah ( A P S );19-24;2012;Tahun;11.83;""JAWA TENGAH"""
"Angka Partisipasi Sekolah ( A P S );19-24;2012;Tahun;44.69;""DI YOGYAKARTA"""
"Angka Partisipasi Sekolah ( A P S );19-24;2012;Tahun;14.59;""JAWA TIMUR"""
Angka Partisipasi Sekolah ( A P S );19-24;2012;Tahun;15.97;BANTEN
Angka Partisipasi Sekolah ( A P S );19-24;2012;Tahun;18.99;BALI
"Angka Partisipasi Sekolah ( A P S );19-24;2012;Tahun;17.82;""NUSA TENGGARA BARAT"""
"Angka Partisipasi Sekolah ( A P S );19-24;2012;Tahun;17.92;""NUSA TENGGARA TIMUR"""
"Angka Partisipasi Sekolah ( A P S );19-24;2012;Tahun;14.17;""KALIMANTAN BARAT"""
"Angka Partisipasi Sekolah ( A P S );19-24;2012;Tahun;14.04;""KALIMANTAN TENGAH"""
"Angka Partisipasi Sekolah ( A P S );19-24;2012;Tahun;16.48;""KALIMANTAN SELATAN"""
"Angka Partisipasi Sekolah ( A P S );19-24;2012;Tahun;20.33;""KALIMANTAN TIMUR"""
"Angka Partisipasi Sekolah ( A P S );19-24;2012;Tahun;-;""KALIMANTAN UTARA"""
"Angka Partisipasi Sekolah ( A P S );19-24;2012;Tahun;16.12;""SULAWESI UTARA"""
"Angka Partisipasi Sekolah ( A P S );19-24;2012;Tahun;16.74;""SULAWESI TENGAH"""
"Angka Partisipasi Sekolah ( A P S );19-24;2012;Tahun;23.17;""SULAWESI SELATAN"""
"Angka Partisipasi Sekolah ( A P S );19-24;2012;Tahun;23.62;""SULAWESI TENGGARA"""
Angka Partisipasi Sekolah ( A P S );19-24;2012;Tahun;20.46;GORONTALO
"Angka Partisipasi Sekolah ( A P S );19-24;2012;Tahun;14.65;""SULAWESI BARAT"""
Angka Partisipasi Sekolah ( A P S );19-24;2012;Tahun;28.98;MALUKU
"Angka Partisipasi Sekolah ( A P S );19-24;2012;Tahun;21.79;""MALUKU UTARA"""
"Angka Partisipasi Sekolah ( A P S );19-24;2012;Tahun;20.03;""PAPUA BARAT"""
Angka Partisipasi Sekolah ( A P S );19-24;2012;Tahun;13.86;PAPUA
Angka Partisipasi Sekolah ( A P S );19-24;2012;Tahun;16.05;INDONESIA
Angka Partisipasi Sekolah ( A P S );7-12;2013;Tahun;99.66;ACEH
"Angka Partisipasi Sekolah ( A P S );7-12;2013;Tahun;99.03;""SUMATERA UTARA"""
"Angka Partisipasi Sekolah ( A P S );7-12;2013;Tahun;98.81;""SUMATERA BARAT"""
Angka Partisipasi Sekolah ( A P S );7-12;2013;Tahun;98.59;RIAU
Angka Partisipasi Sekolah ( A P S );7-12;2013;Tahun;98.81;JAMBI
"Angka Partisipasi Sekolah ( A P S );7-12;2013;Tahun;98.57;""SUMATERA SELATAN"""
Angka Partisipasi Sekolah ( A P S );7-12;2013;Tahun;99.5;BENGKULU
Angka Partisipasi Sekolah ( A P S );7-12;2013;Tahun;99.03;LAMPUNG
"Angka Partisipasi Sekolah ( A P S );7-12;2013;Tahun;98.13;""KEP. BANGKA BELITUNG"""
"Angka Partisipasi Sekolah ( A P S );7-12;2013;Tahun;98.63;""KEP. RIAU"""
"Angka Partisipasi Sekolah ( A P S );7-12;2013;Tahun;99.4;""DKI JAKARTA"""
"Angka Partisipasi Sekolah ( A P S );7-12;2013;Tahun;98.85;""JAWA BARAT"""
"Angka Partisipasi Sekolah ( A P S );7-12;2013;Tahun;99.28;""JAWA TENGAH"""
"Angka Partisipasi Sekolah ( A P S );7-12;2013;Tahun;99.96;""DI YOGYAKARTA"""
"Angka Partisipasi Sekolah ( A P S );7-12;2013;Tahun;99.05;""JAWA TIMUR"""
Angka Partisipasi Sekolah ( A P S );7-12;2013;Tahun;98.6;BANTEN
Angka Partisipasi Sekolah ( A P S );7-12;2013;Tahun;99.26;BALI
"Angka Partisipasi Sekolah ( A P S );7-12;2013;Tahun;98.2;""NUSA TENGGARA BARAT"""
"Angka Partisipasi Sekolah ( A P S );7-12;2013;Tahun;97.34;""NUSA TENGGARA TIMUR"""
"Angka Partisipasi Sekolah ( A P S );7-12;2013;Tahun;96.91;""KALIMANTAN BARAT"""
"Angka Partisipasi Sekolah ( A P S );7-12;2013;Tahun;99.05;""KALIMANTAN TENGAH"""
"Angka Partisipasi Sekolah ( A P S );7-12;2013;Tahun;98.76;""KALIMANTAN SELATAN"""
"Angka Partisipasi Sekolah ( A P S );7-12;2013;Tahun;99.46;""KALIMANTAN TIMUR"""
"Angka Partisipasi Sekolah ( A P S );7-12;2013;Tahun;-;""KALIMANTAN UTARA"""
"Angka Partisipasi Sekolah ( A P S );7-12;2013;Tahun;98.92;""SULAWESI UTARA"""
"Angka Partisipasi Sekolah ( A P S );7-12;2013;Tahun;97.7;""SULAWESI TENGAH"""
"Angka Partisipasi Sekolah ( A P S );7-12;2013;Tahun;98.24;""SULAWESI SELATAN"""
"Angka Partisipasi Sekolah ( A P S );7-12;2013;Tahun;98;""SULAWESI TENGGARA"""
Angka Partisipasi Sekolah ( A P S );7-12;2013;Tahun;97.9;GORONTALO
"Angka Partisipasi Sekolah ( A P S );7-12;2013;Tahun;95.2;""SULAWESI BARAT"""
Angka Partisipasi Sekolah ( A P S );7-12;2013;Tahun;98.79;MALUKU
"Angka Partisipasi Sekolah ( A P S );7-12;2013;Tahun;98.02;""MALUKU UTARA"""
"Angka Partisipasi Sekolah ( A P S );7-12;2013;Tahun;95.59;""PAPUA BARAT"""
Angka Partisipasi Sekolah ( A P S );7-12;2013;Tahun;75.23;PAPUA
Angka Partisipasi Sekolah ( A P S );7-12;2013;Tahun;98.42;INDONESIA
Angka Partisipasi Sekolah ( A P S );13-15;2013;Tahun;95.23;ACEH
"Angka Partisipasi Sekolah ( A P S );13-15;2013;Tahun;92.11;""SUMATERA UTARA"""
"Angka Partisipasi Sekolah ( A P S );13-15;2013;Tahun;92.2;""SUMATERA BARAT"""
Angka Partisipasi Sekolah ( A P S );13-15;2013;Tahun;90.35;RIAU
Angka Partisipasi Sekolah ( A P S );13-15;2013;Tahun;91.96;JAMBI
"Angka Partisipasi Sekolah ( A P S );13-15;2013;Tahun;89.47;""SUMATERA SELATAN"""
Angka Partisipasi Sekolah ( A P S );13-15;2013;Tahun;93.16;BENGKULU
Angka Partisipasi Sekolah ( A P S );13-15;2013;Tahun;91.06;LAMPUNG
"Angka Partisipasi Sekolah ( A P S );13-15;2013;Tahun;84.63;""KEP. BANGKA BELITUNG"""
"Angka Partisipasi Sekolah ( A P S );13-15;2013;Tahun;96.67;""KEP. RIAU"""
"Angka Partisipasi Sekolah ( A P S );13-15;2013;Tahun;95.47;""DKI JAKARTA"""
"Angka Partisipasi Sekolah ( A P S );13-15;2013;Tahun;89.4;""JAWA BARAT"""
"Angka Partisipasi Sekolah ( A P S );13-15;2013;Tahun;90.73;""JAWA TENGAH"""
"Angka Partisipasi Sekolah ( A P S );13-15;2013;Tahun;96.79;""DI YOGYAKARTA"""
"Angka Partisipasi Sekolah ( A P S );13-15;2013;Tahun;92.83;""JAWA TIMUR"""
Angka Partisipasi Sekolah ( A P S );13-15;2013;Tahun;91.32;BANTEN
Angka Partisipasi Sekolah ( A P S );13-15;2013;Tahun;95.9;BALI
"Angka Partisipasi Sekolah ( A P S );13-15;2013;Tahun;92.23;""NUSA TENGGARA BARAT"""
"Angka Partisipasi Sekolah ( A P S );13-15;2013;Tahun;89.43;""NUSA TENGGARA TIMUR"""
"Angka Partisipasi Sekolah ( A P S );13-15;2013;Tahun;85.94;""KALIMANTAN BARAT"""
"Angka Partisipasi Sekolah ( A P S );13-15;2013;Tahun;86.14;""KALIMANTAN TENGAH"""
"Angka Partisipasi Sekolah ( A P S );13-15;2013;Tahun;86.6;""KALIMANTAN SELATAN"""
"Angka Partisipasi Sekolah ( A P S );13-15;2013;Tahun;96.49;""KALIMANTAN TIMUR"""
"Angka Partisipasi Sekolah ( A P S );13-15;2013;Tahun;-;""KALIMANTAN UTARA"""
"Angka Partisipasi Sekolah ( A P S );13-15;2013;Tahun;90.48;""SULAWESI UTARA"""
"Angka Partisipasi Sekolah ( A P S );13-15;2013;Tahun;87.49;""SULAWESI TENGAH"""
"Angka Partisipasi Sekolah ( A P S );13-15;2013;Tahun;89.66;""SULAWESI SELATAN"""
"Angka Partisipasi Sekolah ( A P S );13-15;2013;Tahun;89.12;""SULAWESI TENGGARA"""
Angka Partisipasi Sekolah ( A P S );13-15;2013;Tahun;86.23;GORONTALO
"Angka Partisipasi Sekolah ( A P S );13-15;2013;Tahun;84.55;""SULAWESI BARAT"""
Angka Partisipasi Sekolah ( A P S );13-15;2013;Tahun;94.44;MALUKU
"Angka Partisipasi Sekolah ( A P S );13-15;2013;Tahun;93.4;""MALUKU UTARA"""
"Angka Partisipasi Sekolah ( A P S );13-15;2013;Tahun;92.94;""PAPUA BARAT"""
Angka Partisipasi Sekolah ( A P S );13-15;2013;Tahun;72.64;PAPUA
Angka Partisipasi Sekolah ( A P S );13-15;2013;Tahun;90.81;INDONESIA
Angka Partisipasi Sekolah ( A P S );16-18;2013;Tahun;74.7;ACEH
"Angka Partisipasi Sekolah ( A P S );16-18;2013;Tahun;71.24;""SUMATERA UTARA"""
"Angka Partisipasi Sekolah ( A P S );16-18;2013;Tahun;74.1;""SUMATERA BARAT"""
Angka Partisipasi Sekolah ( A P S );16-18;2013;Tahun;69.79;RIAU
Angka Partisipasi Sekolah ( A P S );16-18;2013;Tahun;63.97;JAMBI
"Angka Partisipasi Sekolah ( A P S );16-18;2013;Tahun;60.74;""SUMATERA SELATAN"""
Angka Partisipasi Sekolah ( A P S );16-18;2013;Tahun;71.21;BENGKULU
Angka Partisipasi Sekolah ( A P S );16-18;2013;Tahun;64.41;LAMPUNG
"Angka Partisipasi Sekolah ( A P S );16-18;2013;Tahun;56.42;""KEP. BANGKA BELITUNG"""
"Angka Partisipasi Sekolah ( A P S );16-18;2013;Tahun;73.66;""KEP. RIAU"""
"Angka Partisipasi Sekolah ( A P S );16-18;2013;Tahun;66.09;""DKI JAKARTA"""
"Angka Partisipasi Sekolah ( A P S );16-18;2013;Tahun;59.98;""JAWA BARAT"""
"Angka Partisipasi Sekolah ( A P S );16-18;2013;Tahun;59.88;""JAWA TENGAH"""
"Angka Partisipasi Sekolah ( A P S );16-18;2013;Tahun;81.41;""DI YOGYAKARTA"""
"Angka Partisipasi Sekolah ( A P S );16-18;2013;Tahun;62.32;""JAWA TIMUR"""
Angka Partisipasi Sekolah ( A P S );16-18;2013;Tahun;62.89;BANTEN
Angka Partisipasi Sekolah ( A P S );16-18;2013;Tahun;74.03;BALI
"Angka Partisipasi Sekolah ( A P S );16-18;2013;Tahun;66.4;""NUSA TENGGARA BARAT"""
"Angka Partisipasi Sekolah ( A P S );16-18;2013;Tahun;64.81;""NUSA TENGGARA TIMUR"""
"Angka Partisipasi Sekolah ( A P S );16-18;2013;Tahun;58.8;""KALIMANTAN BARAT"""
"Angka Partisipasi Sekolah ( A P S );16-18;2013;Tahun;59.18;""KALIMANTAN TENGAH"""
"Angka Partisipasi Sekolah ( A P S );16-18;2013;Tahun;60.19;""KALIMANTAN SELATAN"""
"Angka Partisipasi Sekolah ( A P S );16-18;2013;Tahun;73.92;""KALIMANTAN TIMUR"""
"Angka Partisipasi Sekolah ( A P S );16-18;2013;Tahun;-;""KALIMANTAN UTARA"""
"Angka Partisipasi Sekolah ( A P S );16-18;2013;Tahun;66.88;""SULAWESI UTARA"""
"Angka Partisipasi Sekolah ( A P S );16-18;2013;Tahun;66.12;""SULAWESI TENGAH"""
"Angka Partisipasi Sekolah ( A P S );16-18;2013;Tahun;62.67;""SULAWESI SELATAN"""
"Angka Partisipasi Sekolah ( A P S );16-18;2013;Tahun;65.84;""SULAWESI TENGGARA"""
Angka Partisipasi Sekolah ( A P S );16-18;2013;Tahun;59.91;GORONTALO
"Angka Partisipasi Sekolah ( A P S );16-18;2013;Tahun;59.62;""SULAWESI BARAT"""
Angka Partisipasi Sekolah ( A P S );16-18;2013;Tahun;70.28;MALUKU
"Angka Partisipasi Sekolah ( A P S );16-18;2013;Tahun;69.04;""MALUKU UTARA"""
"Angka Partisipasi Sekolah ( A P S );16-18;2013;Tahun;71.89;""PAPUA BARAT"""
Angka Partisipasi Sekolah ( A P S );16-18;2013;Tahun;53.19;PAPUA
Angka Partisipasi Sekolah ( A P S );16-18;2013;Tahun;63.84;INDONESIA
Angka Partisipasi Sekolah ( A P S );19-24;2013;Tahun;29.18;ACEH
"Angka Partisipasi Sekolah ( A P S );19-24;2013;Tahun;21.81;""SUMATERA UTARA"""
"Angka Partisipasi Sekolah ( A P S );19-24;2013;Tahun;30.66;""SUMATERA BARAT"""
Angka Partisipasi Sekolah ( A P S );19-24;2013;Tahun;22.04;RIAU
Angka Partisipasi Sekolah ( A P S );19-24;2013;Tahun;20.25;JAMBI
"Angka Partisipasi Sekolah ( A P S );19-24;2013;Tahun;14.08;""SUMATERA SELATAN"""
Angka Partisipasi Sekolah ( A P S );19-24;2013;Tahun;24.12;BENGKULU
Angka Partisipasi Sekolah ( A P S );19-24;2013;Tahun;16.19;LAMPUNG
"Angka Partisipasi Sekolah ( A P S );19-24;2013;Tahun;9.46;""KEP. BANGKA BELITUNG"""
"Angka Partisipasi Sekolah ( A P S );19-24;2013;Tahun;14.85;""KEP. RIAU"""
"Angka Partisipasi Sekolah ( A P S );19-24;2013;Tahun;19.65;""DKI JAKARTA"""
"Angka Partisipasi Sekolah ( A P S );19-24;2013;Tahun;17.34;""JAWA BARAT"""
"Angka Partisipasi Sekolah ( A P S );19-24;2013;Tahun;17.42;""JAWA TENGAH"""
"Angka Partisipasi Sekolah ( A P S );19-24;2013;Tahun;45.86;""DI YOGYAKARTA"""
"Angka Partisipasi Sekolah ( A P S );19-24;2013;Tahun;19.49;""JAWA TIMUR"""
Angka Partisipasi Sekolah ( A P S );19-24;2013;Tahun;18.08;BANTEN
Angka Partisipasi Sekolah ( A P S );19-24;2013;Tahun;19.84;BALI
"Angka Partisipasi Sekolah ( A P S );19-24;2013;Tahun;22.64;""NUSA TENGGARA BARAT"""
"Angka Partisipasi Sekolah ( A P S );19-24;2013;Tahun;22.88;""NUSA TENGGARA TIMUR"""
"Angka Partisipasi Sekolah ( A P S );19-24;2013;Tahun;19.27;""KALIMANTAN BARAT"""
"Angka Partisipasi Sekolah ( A P S );19-24;2013;Tahun;19.89;""KALIMANTAN TENGAH"""
"Angka Partisipasi Sekolah ( A P S );19-24;2013;Tahun;16.95;""KALIMANTAN SELATAN"""
"Angka Partisipasi Sekolah ( A P S );19-24;2013;Tahun;25.04;""KALIMANTAN TIMUR"""
"Angka Partisipasi Sekolah ( A P S );19-24;2013;Tahun;-;""KALIMANTAN UTARA"""
"Angka Partisipasi Sekolah ( A P S );19-24;2013;Tahun;16.36;""SULAWESI UTARA"""
"Angka Partisipasi Sekolah ( A P S );19-24;2013;Tahun;21.76;""SULAWESI TENGAH"""
"Angka Partisipasi Sekolah ( A P S );19-24;2013;Tahun;27.8;""SULAWESI SELATAN"""
"Angka Partisipasi Sekolah ( A P S );19-24;2013;Tahun;24;""SULAWESI TENGGARA"""
Angka Partisipasi Sekolah ( A P S );19-24;2013;Tahun;23.27;GORONTALO
"Angka Partisipasi Sekolah ( A P S );19-24;2013;Tahun;18.04;""SULAWESI BARAT"""
Angka Partisipasi Sekolah ( A P S );19-24;2013;Tahun;33.8;MALUKU
"Angka Partisipasi Sekolah ( A P S );19-24;2013;Tahun;26.42;""MALUKU UTARA"""
"Angka Partisipasi Sekolah ( A P S );19-24;2013;Tahun;24.1;""PAPUA BARAT"""
Angka Partisipasi Sekolah ( A P S );19-24;2013;Tahun;17.5;PAPUA
Angka Partisipasi Sekolah ( A P S );19-24;2013;Tahun;20.14;INDONESIA
Angka Partisipasi Sekolah ( A P S );7-12;2014;Tahun;99.84;ACEH
"Angka Partisipasi Sekolah ( A P S );7-12;2014;Tahun;99.26;""SUMATERA UTARA"""
"Angka Partisipasi Sekolah ( A P S );7-12;2014;Tahun;99.27;""SUMATERA BARAT"""
Angka Partisipasi Sekolah ( A P S );7-12;2014;Tahun;98.67;RIAU
Angka Partisipasi Sekolah ( A P S );7-12;2014;Tahun;99.46;JAMBI
"Angka Partisipasi Sekolah ( A P S );7-12;2014;Tahun;99.47;""SUMATERA SELATAN"""
Angka Partisipasi Sekolah ( A P S );7-12;2014;Tahun;99.45;BENGKULU
Angka Partisipasi Sekolah ( A P S );7-12;2014;Tahun;99.56;LAMPUNG
"Angka Partisipasi Sekolah ( A P S );7-12;2014;Tahun;99.16;""KEP. BANGKA BELITUNG"""
"Angka Partisipasi Sekolah ( A P S );7-12;2014;Tahun;99.12;""KEP. RIAU"""
"Angka Partisipasi Sekolah ( A P S );7-12;2014;Tahun;99.47;""DKI JAKARTA"""
"Angka Partisipasi Sekolah ( A P S );7-12;2014;Tahun;99.3;""JAWA BARAT"""
"Angka Partisipasi Sekolah ( A P S );7-12;2014;Tahun;99.51;""JAWA TENGAH"""
"Angka Partisipasi Sekolah ( A P S );7-12;2014;Tahun;99.94;""DI YOGYAKARTA"""
"Angka Partisipasi Sekolah ( A P S );7-12;2014;Tahun;99.38;""JAWA TIMUR"""
Angka Partisipasi Sekolah ( A P S );7-12;2014;Tahun;99.29;BANTEN
Angka Partisipasi Sekolah ( A P S );7-12;2014;Tahun;99.36;BALI
"Angka Partisipasi Sekolah ( A P S );7-12;2014;Tahun;99.11;""NUSA TENGGARA BARAT"""
"Angka Partisipasi Sekolah ( A P S );7-12;2014;Tahun;97.99;""NUSA TENGGARA TIMUR"""
"Angka Partisipasi Sekolah ( A P S );7-12;2014;Tahun;98.18;""KALIMANTAN BARAT"""
"Angka Partisipasi Sekolah ( A P S );7-12;2014;Tahun;99.46;""KALIMANTAN TENGAH"""
"Angka Partisipasi Sekolah ( A P S );7-12;2014;Tahun;99.24;""KALIMANTAN SELATAN"""
"Angka Partisipasi Sekolah ( A P S );7-12;2014;Tahun;99.35;""KALIMANTAN TIMUR"""
"Angka Partisipasi Sekolah ( A P S );7-12;2014;Tahun;-;""KALIMANTAN UTARA"""
"Angka Partisipasi Sekolah ( A P S );7-12;2014;Tahun;98.95;""SULAWESI UTARA"""
"Angka Partisipasi Sekolah ( A P S );7-12;2014;Tahun;97.71;""SULAWESI TENGAH"""
"Angka Partisipasi Sekolah ( A P S );7-12;2014;Tahun;98.91;""SULAWESI SELATAN"""
"Angka Partisipasi Sekolah ( A P S );7-12;2014;Tahun;99.11;""SULAWESI TENGGARA"""
Angka Partisipasi Sekolah ( A P S );7-12;2014;Tahun;98.4;GORONTALO
"Angka Partisipasi Sekolah ( A P S );7-12;2014;Tahun;97.91;""SULAWESI BARAT"""
Angka Partisipasi Sekolah ( A P S );7-12;2014;Tahun;99.19;MALUKU
"Angka Partisipasi Sekolah ( A P S );7-12;2014;Tahun;98.89;""MALUKU UTARA"""
"Angka Partisipasi Sekolah ( A P S );7-12;2014;Tahun;96.65;""PAPUA BARAT"""
Angka Partisipasi Sekolah ( A P S );7-12;2014;Tahun;80.69;PAPUA
Angka Partisipasi Sekolah ( A P S );7-12;2014;Tahun;98.92;INDONESIA
Angka Partisipasi Sekolah ( A P S );13-15;2014;Tahun;97.38;ACEH
"Angka Partisipasi Sekolah ( A P S );13-15;2014;Tahun;96.06;""SUMATERA UTARA"""
"Angka Partisipasi Sekolah ( A P S );13-15;2014;Tahun;95.84;""SUMATERA BARAT"""
Angka Partisipasi Sekolah ( A P S );13-15;2014;Tahun;94.36;RIAU
Angka Partisipasi Sekolah ( A P S );13-15;2014;Tahun;94.88;JAMBI
"Angka Partisipasi Sekolah ( A P S );13-15;2014;Tahun;93.36;""SUMATERA SELATAN"""
Angka Partisipasi Sekolah ( A P S );13-15;2014;Tahun;96.71;BENGKULU
Angka Partisipasi Sekolah ( A P S );13-15;2014;Tahun;94.01;LAMPUNG
"Angka Partisipasi Sekolah ( A P S );13-15;2014;Tahun;91.53;""KEP. BANGKA BELITUNG"""
"Angka Partisipasi Sekolah ( A P S );13-15;2014;Tahun;98.56;""KEP. RIAU"""
"Angka Partisipasi Sekolah ( A P S );13-15;2014;Tahun;96.69;""DKI JAKARTA"""
"Angka Partisipasi Sekolah ( A P S );13-15;2014;Tahun;92.84;""JAWA BARAT"""
"Angka Partisipasi Sekolah ( A P S );13-15;2014;Tahun;94.85;""JAWA TENGAH"""
"Angka Partisipasi Sekolah ( A P S );13-15;2014;Tahun;99.48;""DI YOGYAKARTA"""
"Angka Partisipasi Sekolah ( A P S );13-15;2014;Tahun;96.36;""JAWA TIMUR"""
Angka Partisipasi Sekolah ( A P S );13-15;2014;Tahun;94.87;BANTEN
Angka Partisipasi Sekolah ( A P S );13-15;2014;Tahun;97.23;BALI
"Angka Partisipasi Sekolah ( A P S );13-15;2014;Tahun;97.27;""NUSA TENGGARA BARAT"""
"Angka Partisipasi Sekolah ( A P S );13-15;2014;Tahun;94.26;""NUSA TENGGARA TIMUR"""
"Angka Partisipasi Sekolah ( A P S );13-15;2014;Tahun;91.76;""KALIMANTAN BARAT"""
"Angka Partisipasi Sekolah ( A P S );13-15;2014;Tahun;92.94;""KALIMANTAN TENGAH"""
"Angka Partisipasi Sekolah ( A P S );13-15;2014;Tahun;91.83;""KALIMANTAN SELATAN"""
"Angka Partisipasi Sekolah ( A P S );13-15;2014;Tahun;97.89;""KALIMANTAN TIMUR"""
"Angka Partisipasi Sekolah ( A P S );13-15;2014;Tahun;-;""KALIMANTAN UTARA"""
"Angka Partisipasi Sekolah ( A P S );13-15;2014;Tahun;94.34;""SULAWESI UTARA"""
"Angka Partisipasi Sekolah ( A P S );13-15;2014;Tahun;91.23;""SULAWESI TENGAH"""
"Angka Partisipasi Sekolah ( A P S );13-15;2014;Tahun;92.57;""SULAWESI SELATAN"""
"Angka Partisipasi Sekolah ( A P S );13-15;2014;Tahun;93.53;""SULAWESI TENGGARA"""
Angka Partisipasi Sekolah ( A P S );13-15;2014;Tahun;90.47;GORONTALO
"Angka Partisipasi Sekolah ( A P S );13-15;2014;Tahun;89.26;""SULAWESI BARAT"""
Angka Partisipasi Sekolah ( A P S );13-15;2014;Tahun;96.35;MALUKU
"Angka Partisipasi Sekolah ( A P S );13-15;2014;Tahun;96.24;""MALUKU UTARA"""
"Angka Partisipasi Sekolah ( A P S );13-15;2014;Tahun;96.28;""PAPUA BARAT"""
Angka Partisipasi Sekolah ( A P S );13-15;2014;Tahun;78.07;PAPUA
Angka Partisipasi Sekolah ( A P S );13-15;2014;Tahun;94.44;INDONESIA
Angka Partisipasi Sekolah ( A P S );16-18;2014;Tahun;80.89;ACEH
"Angka Partisipasi Sekolah ( A P S );16-18;2014;Tahun;75.78;""SUMATERA UTARA"""
"Angka Partisipasi Sekolah ( A P S );16-18;2014;Tahun;81.97;""SUMATERA BARAT"""
Angka Partisipasi Sekolah ( A P S );16-18;2014;Tahun;75.3;RIAU
Angka Partisipasi Sekolah ( A P S );16-18;2014;Tahun;70.41;JAMBI
"Angka Partisipasi Sekolah ( A P S );16-18;2014;Tahun;67.84;""SUMATERA SELATAN"""
Angka Partisipasi Sekolah ( A P S );16-18;2014;Tahun;77.92;BENGKULU
Angka Partisipasi Sekolah ( A P S );16-18;2014;Tahun;68.75;LAMPUNG
"Angka Partisipasi Sekolah ( A P S );16-18;2014;Tahun;65.78;""KEP. BANGKA BELITUNG"""
"Angka Partisipasi Sekolah ( A P S );16-18;2014;Tahun;81.57;""KEP. RIAU"""
"Angka Partisipasi Sekolah ( A P S );16-18;2014;Tahun;70.23;""DKI JAKARTA"""
"Angka Partisipasi Sekolah ( A P S );16-18;2014;Tahun;65.48;""JAWA BARAT"""
"Angka Partisipasi Sekolah ( A P S );16-18;2014;Tahun;67.54;""JAWA TENGAH"""
"Angka Partisipasi Sekolah ( A P S );16-18;2014;Tahun;86.44;""DI YOGYAKARTA"""
"Angka Partisipasi Sekolah ( A P S );16-18;2014;Tahun;70.25;""JAWA TIMUR"""
Angka Partisipasi Sekolah ( A P S );16-18;2014;Tahun;66.25;BANTEN
Angka Partisipasi Sekolah ( A P S );16-18;2014;Tahun;81.59;BALI
"Angka Partisipasi Sekolah ( A P S );16-18;2014;Tahun;75.68;""NUSA TENGGARA BARAT"""
"Angka Partisipasi Sekolah ( A P S );16-18;2014;Tahun;73.96;""NUSA TENGGARA TIMUR"""
"Angka Partisipasi Sekolah ( A P S );16-18;2014;Tahun;66.48;""KALIMANTAN BARAT"""
"Angka Partisipasi Sekolah ( A P S );16-18;2014;Tahun;65.84;""KALIMANTAN TENGAH"""
"Angka Partisipasi Sekolah ( A P S );16-18;2014;Tahun;67.18;""KALIMANTAN SELATAN"""
"Angka Partisipasi Sekolah ( A P S );16-18;2014;Tahun;80.5;""KALIMANTAN TIMUR"""
"Angka Partisipasi Sekolah ( A P S );16-18;2014;Tahun;-;""KALIMANTAN UTARA"""
"Angka Partisipasi Sekolah ( A P S );16-18;2014;Tahun;71.98;""SULAWESI UTARA"""
"Angka Partisipasi Sekolah ( A P S );16-18;2014;Tahun;73.64;""SULAWESI TENGAH"""
"Angka Partisipasi Sekolah ( A P S );16-18;2014;Tahun;69.38;""SULAWESI SELATAN"""
"Angka Partisipasi Sekolah ( A P S );16-18;2014;Tahun;72.25;""SULAWESI TENGGARA"""
Angka Partisipasi Sekolah ( A P S );16-18;2014;Tahun;68.69;GORONTALO
"Angka Partisipasi Sekolah ( A P S );16-18;2014;Tahun;66.97;""SULAWESI BARAT"""
Angka Partisipasi Sekolah ( A P S );16-18;2014;Tahun;77.48;MALUKU
"Angka Partisipasi Sekolah ( A P S );16-18;2014;Tahun;74.83;""MALUKU UTARA"""
"Angka Partisipasi Sekolah ( A P S );16-18;2014;Tahun;79.87;""PAPUA BARAT"""
Angka Partisipasi Sekolah ( A P S );16-18;2014;Tahun;61.63;PAPUA
Angka Partisipasi Sekolah ( A P S );16-18;2014;Tahun;70.31;INDONESIA
Angka Partisipasi Sekolah ( A P S );19-24;2014;Tahun;32.93;ACEH
"Angka Partisipasi Sekolah ( A P S );19-24;2014;Tahun;24.82;""SUMATERA UTARA"""
"Angka Partisipasi Sekolah ( A P S );19-24;2014;Tahun;32.89;""SUMATERA BARAT"""
Angka Partisipasi Sekolah ( A P S );19-24;2014;Tahun;24.48;RIAU
Angka Partisipasi Sekolah ( A P S );19-24;2014;Tahun;22.11;JAMBI
"Angka Partisipasi Sekolah ( A P S );19-24;2014;Tahun;16.87;""SUMATERA SELATAN"""
Angka Partisipasi Sekolah ( A P S );19-24;2014;Tahun;28.14;BENGKULU
Angka Partisipasi Sekolah ( A P S );19-24;2014;Tahun;18.67;LAMPUNG
"Angka Partisipasi Sekolah ( A P S );19-24;2014;Tahun;12.22;""KEP. BANGKA BELITUNG"""
"Angka Partisipasi Sekolah ( A P S );19-24;2014;Tahun;17.4;""KEP. RIAU"""
"Angka Partisipasi Sekolah ( A P S );19-24;2014;Tahun;22.52;""DKI JAKARTA"""
"Angka Partisipasi Sekolah ( A P S );19-24;2014;Tahun;19.27;""JAWA BARAT"""
"Angka Partisipasi Sekolah ( A P S );19-24;2014;Tahun;20.48;""JAWA TENGAH"""
"Angka Partisipasi Sekolah ( A P S );19-24;2014;Tahun;49.08;""DI YOGYAKARTA"""
"Angka Partisipasi Sekolah ( A P S );19-24;2014;Tahun;21.84;""JAWA TIMUR"""
Angka Partisipasi Sekolah ( A P S );19-24;2014;Tahun;19.61;BANTEN
Angka Partisipasi Sekolah ( A P S );19-24;2014;Tahun;23.59;BALI
"Angka Partisipasi Sekolah ( A P S );19-24;2014;Tahun;26.73;""NUSA TENGGARA BARAT"""
"Angka Partisipasi Sekolah ( A P S );19-24;2014;Tahun;26.22;""NUSA TENGGARA TIMUR"""
"Angka Partisipasi Sekolah ( A P S );19-24;2014;Tahun;23.18;""KALIMANTAN BARAT"""
"Angka Partisipasi Sekolah ( A P S );19-24;2014;Tahun;22.31;""KALIMANTAN TENGAH"""
"Angka Partisipasi Sekolah ( A P S );19-24;2014;Tahun;20.36;""KALIMANTAN SELATAN"""
"Angka Partisipasi Sekolah ( A P S );19-24;2014;Tahun;27.34;""KALIMANTAN TIMUR"""
"Angka Partisipasi Sekolah ( A P S );19-24;2014;Tahun;-;""KALIMANTAN UTARA"""
"Angka Partisipasi Sekolah ( A P S );19-24;2014;Tahun;20.91;""SULAWESI UTARA"""
"Angka Partisipasi Sekolah ( A P S );19-24;2014;Tahun;25.05;""SULAWESI TENGAH"""
"Angka Partisipasi Sekolah ( A P S );19-24;2014;Tahun;30.23;""SULAWESI SELATAN"""
"Angka Partisipasi Sekolah ( A P S );19-24;2014;Tahun;28.78;""SULAWESI TENGGARA"""
Angka Partisipasi Sekolah ( A P S );19-24;2014;Tahun;27.94;GORONTALO
"Angka Partisipasi Sekolah ( A P S );19-24;2014;Tahun;21.53;""SULAWESI BARAT"""
Angka Partisipasi Sekolah ( A P S );19-24;2014;Tahun;36.44;MALUKU
"Angka Partisipasi Sekolah ( A P S );19-24;2014;Tahun;30.85;""MALUKU UTARA"""
"Angka Partisipasi Sekolah ( A P S );19-24;2014;Tahun;29.66;""PAPUA BARAT"""
Angka Partisipasi Sekolah ( A P S );19-24;2014;Tahun;22.48;PAPUA
Angka Partisipasi Sekolah ( A P S );19-24;2014;Tahun;22.82;INDONESIA
Angka Partisipasi Sekolah ( A P S );7-12;2015;Tahun;99.9;ACEH
"Angka Partisipasi Sekolah ( A P S );7-12;2015;Tahun;99.35;""SUMATERA UTARA"""
"Angka Partisipasi Sekolah ( A P S );7-12;2015;Tahun;99.44;""SUMATERA BARAT"""
Angka Partisipasi Sekolah ( A P S );7-12;2015;Tahun;98.79;RIAU
Angka Partisipasi Sekolah ( A P S );7-12;2015;Tahun;99.55;JAMBI
"Angka Partisipasi Sekolah ( A P S );7-12;2015;Tahun;99.53;""SUMATERA SELATAN"""
Angka Partisipasi Sekolah ( A P S );7-12;2015;Tahun;99.65;BENGKULU
Angka Partisipasi Sekolah ( A P S );7-12;2015;Tahun;99.62;LAMPUNG
"Angka Partisipasi Sekolah ( A P S );7-12;2015;Tahun;99.22;""KEP. BANGKA BELITUNG"""
"Angka Partisipasi Sekolah ( A P S );7-12;2015;Tahun;99.34;""KEP. RIAU"""
"Angka Partisipasi Sekolah ( A P S );7-12;2015;Tahun;99.56;""DKI JAKARTA"""
"Angka Partisipasi Sekolah ( A P S );7-12;2015;Tahun;99.57;""JAWA BARAT"""
"Angka Partisipasi Sekolah ( A P S );7-12;2015;Tahun;99.56;""JAWA TENGAH"""
"Angka Partisipasi Sekolah ( A P S );7-12;2015;Tahun;99.89;""DI YOGYAKARTA"""
"Angka Partisipasi Sekolah ( A P S );7-12;2015;Tahun;99.45;""JAWA TIMUR"""
Angka Partisipasi Sekolah ( A P S );7-12;2015;Tahun;99.41;BANTEN
Angka Partisipasi Sekolah ( A P S );7-12;2015;Tahun;99.41;BALI
"Angka Partisipasi Sekolah ( A P S );7-12;2015;Tahun;99.48;""NUSA TENGGARA BARAT"""
"Angka Partisipasi Sekolah ( A P S );7-12;2015;Tahun;98.13;""NUSA TENGGARA TIMUR"""
"Angka Partisipasi Sekolah ( A P S );7-12;2015;Tahun;98.27;""KALIMANTAN BARAT"""
"Angka Partisipasi Sekolah ( A P S );7-12;2015;Tahun;99.54;""KALIMANTAN TENGAH"""
"Angka Partisipasi Sekolah ( A P S );7-12;2015;Tahun;99.43;""KALIMANTAN SELATAN"""
"Angka Partisipasi Sekolah ( A P S );7-12;2015;Tahun;99.63;""KALIMANTAN TIMUR"""
"Angka Partisipasi Sekolah ( A P S );7-12;2015;Tahun;98.39;""KALIMANTAN UTARA"""
"Angka Partisipasi Sekolah ( A P S );7-12;2015;Tahun;99.33;""SULAWESI UTARA"""
"Angka Partisipasi Sekolah ( A P S );7-12;2015;Tahun;98.02;""SULAWESI TENGAH"""
"Angka Partisipasi Sekolah ( A P S );7-12;2015;Tahun;99.03;""SULAWESI SELATAN"""
"Angka Partisipasi Sekolah ( A P S );7-12;2015;Tahun;99.3;""SULAWESI TENGGARA"""
Angka Partisipasi Sekolah ( A P S );7-12;2015;Tahun;98.69;GORONTALO
"Angka Partisipasi Sekolah ( A P S );7-12;2015;Tahun;98;""SULAWESI BARAT"""
Angka Partisipasi Sekolah ( A P S );7-12;2015;Tahun;99.38;MALUKU
"Angka Partisipasi Sekolah ( A P S );7-12;2015;Tahun;99.08;""MALUKU UTARA"""
"Angka Partisipasi Sekolah ( A P S );7-12;2015;Tahun;96.74;""PAPUA BARAT"""
Angka Partisipasi Sekolah ( A P S );7-12;2015;Tahun;81.04;PAPUA
Angka Partisipasi Sekolah ( A P S );7-12;2015;Tahun;99.09;INDONESIA
Angka Partisipasi Sekolah ( A P S );13-15;2015;Tahun;97.71;ACEH
"Angka Partisipasi Sekolah ( A P S );13-15;2015;Tahun;96.34;""SUMATERA UTARA"""
"Angka Partisipasi Sekolah ( A P S );13-15;2015;Tahun;95.98;""SUMATERA BARAT"""
Angka Partisipasi Sekolah ( A P S );13-15;2015;Tahun;94.48;RIAU
Angka Partisipasi Sekolah ( A P S );13-15;2015;Tahun;95.06;JAMBI
"Angka Partisipasi Sekolah ( A P S );13-15;2015;Tahun;93.52;""SUMATERA SELATAN"""
Angka Partisipasi Sekolah ( A P S );13-15;2015;Tahun;96.83;BENGKULU
Angka Partisipasi Sekolah ( A P S );13-15;2015;Tahun;94.24;LAMPUNG
"Angka Partisipasi Sekolah ( A P S );13-15;2015;Tahun;91.82;""KEP. BANGKA BELITUNG"""
"Angka Partisipasi Sekolah ( A P S );13-15;2015;Tahun;98.67;""KEP. RIAU"""
"Angka Partisipasi Sekolah ( A P S );13-15;2015;Tahun;97.19;""DKI JAKARTA"""
"Angka Partisipasi Sekolah ( A P S );13-15;2015;Tahun;93.19;""JAWA BARAT"""
"Angka Partisipasi Sekolah ( A P S );13-15;2015;Tahun;95.3;""JAWA TENGAH"""
"Angka Partisipasi Sekolah ( A P S );13-15;2015;Tahun;99.68;""DI YOGYAKARTA"""
"Angka Partisipasi Sekolah ( A P S );13-15;2015;Tahun;96.53;""JAWA TIMUR"""
Angka Partisipasi Sekolah ( A P S );13-15;2015;Tahun;95.29;BANTEN
Angka Partisipasi Sekolah ( A P S );13-15;2015;Tahun;97.41;BALI
"Angka Partisipasi Sekolah ( A P S );13-15;2015;Tahun;97.44;""NUSA TENGGARA BARAT"""
"Angka Partisipasi Sekolah ( A P S );13-15;2015;Tahun;94.39;""NUSA TENGGARA TIMUR"""
"Angka Partisipasi Sekolah ( A P S );13-15;2015;Tahun;91.91;""KALIMANTAN BARAT"""
"Angka Partisipasi Sekolah ( A P S );13-15;2015;Tahun;93.13;""KALIMANTAN TENGAH"""
"Angka Partisipasi Sekolah ( A P S );13-15;2015;Tahun;91.91;""KALIMANTAN SELATAN"""
"Angka Partisipasi Sekolah ( A P S );13-15;2015;Tahun;97.92;""KALIMANTAN TIMUR"""
"Angka Partisipasi Sekolah ( A P S );13-15;2015;Tahun;93.55;""KALIMANTAN UTARA"""
"Angka Partisipasi Sekolah ( A P S );13-15;2015;Tahun;94.59;""SULAWESI UTARA"""
"Angka Partisipasi Sekolah ( A P S );13-15;2015;Tahun;91.8;""SULAWESI TENGAH"""
"Angka Partisipasi Sekolah ( A P S );13-15;2015;Tahun;92.66;""SULAWESI SELATAN"""
"Angka Partisipasi Sekolah ( A P S );13-15;2015;Tahun;93.67;""SULAWESI TENGGARA"""
Angka Partisipasi Sekolah ( A P S );13-15;2015;Tahun;90.75;GORONTALO
"Angka Partisipasi Sekolah ( A P S );13-15;2015;Tahun;89.84;""SULAWESI BARAT"""
Angka Partisipasi Sekolah ( A P S );13-15;2015;Tahun;96.44;MALUKU
"Angka Partisipasi Sekolah ( A P S );13-15;2015;Tahun;96.68;""MALUKU UTARA"""
"Angka Partisipasi Sekolah ( A P S );13-15;2015;Tahun;96.58;""PAPUA BARAT"""
Angka Partisipasi Sekolah ( A P S );13-15;2015;Tahun;78.14;PAPUA
Angka Partisipasi Sekolah ( A P S );13-15;2015;Tahun;94.72;INDONESIA
Angka Partisipasi Sekolah ( A P S );16-18;2015;Tahun;81.43;ACEH
"Angka Partisipasi Sekolah ( A P S );16-18;2015;Tahun;76.23;""SUMATERA UTARA"""
"Angka Partisipasi Sekolah ( A P S );16-18;2015;Tahun;82.53;""SUMATERA BARAT"""
Angka Partisipasi Sekolah ( A P S );16-18;2015;Tahun;75.57;RIAU
Angka Partisipasi Sekolah ( A P S );16-18;2015;Tahun;70.75;JAMBI
"Angka Partisipasi Sekolah ( A P S );16-18;2015;Tahun;68.4;""SUMATERA SELATAN"""
Angka Partisipasi Sekolah ( A P S );16-18;2015;Tahun;78.16;BENGKULU
Angka Partisipasi Sekolah ( A P S );16-18;2015;Tahun;69.04;LAMPUNG
"Angka Partisipasi Sekolah ( A P S );16-18;2015;Tahun;66.17;""KEP. BANGKA BELITUNG"""
"Angka Partisipasi Sekolah ( A P S );16-18;2015;Tahun;81.84;""KEP. RIAU"""
"Angka Partisipasi Sekolah ( A P S );16-18;2015;Tahun;70.73;""DKI JAKARTA"""
"Angka Partisipasi Sekolah ( A P S );16-18;2015;Tahun;65.72;""JAWA BARAT"""
"Angka Partisipasi Sekolah ( A P S );16-18;2015;Tahun;67.66;""JAWA TENGAH"""
"Angka Partisipasi Sekolah ( A P S );16-18;2015;Tahun;86.78;""DI YOGYAKARTA"""
"Angka Partisipasi Sekolah ( A P S );16-18;2015;Tahun;70.44;""JAWA TIMUR"""
Angka Partisipasi Sekolah ( A P S );16-18;2015;Tahun;66.73;BANTEN
Angka Partisipasi Sekolah ( A P S );16-18;2015;Tahun;81.69;BALI
"Angka Partisipasi Sekolah ( A P S );16-18;2015;Tahun;75.86;""NUSA TENGGARA BARAT"""
"Angka Partisipasi Sekolah ( A P S );16-18;2015;Tahun;74.25;""NUSA TENGGARA TIMUR"""
"Angka Partisipasi Sekolah ( A P S );16-18;2015;Tahun;66.83;""KALIMANTAN BARAT"""
"Angka Partisipasi Sekolah ( A P S );16-18;2015;Tahun;66;""KALIMANTAN TENGAH"""
"Angka Partisipasi Sekolah ( A P S );16-18;2015;Tahun;67.49;""KALIMANTAN SELATAN"""
"Angka Partisipasi Sekolah ( A P S );16-18;2015;Tahun;80.68;""KALIMANTAN TIMUR"""
"Angka Partisipasi Sekolah ( A P S );16-18;2015;Tahun;74.41;""KALIMANTAN UTARA"""
"Angka Partisipasi Sekolah ( A P S );16-18;2015;Tahun;72.22;""SULAWESI UTARA"""
"Angka Partisipasi Sekolah ( A P S );16-18;2015;Tahun;73.8;""SULAWESI TENGAH"""
"Angka Partisipasi Sekolah ( A P S );16-18;2015;Tahun;69.66;""SULAWESI SELATAN"""
"Angka Partisipasi Sekolah ( A P S );16-18;2015;Tahun;72.42;""SULAWESI TENGGARA"""
Angka Partisipasi Sekolah ( A P S );16-18;2015;Tahun;69.03;GORONTALO
"Angka Partisipasi Sekolah ( A P S );16-18;2015;Tahun;67.14;""SULAWESI BARAT"""
Angka Partisipasi Sekolah ( A P S );16-18;2015;Tahun;77.87;MALUKU
"Angka Partisipasi Sekolah ( A P S );16-18;2015;Tahun;75.16;""MALUKU UTARA"""
"Angka Partisipasi Sekolah ( A P S );16-18;2015;Tahun;79.99;""PAPUA BARAT"""
Angka Partisipasi Sekolah ( A P S );16-18;2015;Tahun;61.96;PAPUA
Angka Partisipasi Sekolah ( A P S );16-18;2015;Tahun;70.61;INDONESIA
Angka Partisipasi Sekolah ( A P S );19-24;2015;Tahun;33.07;ACEH
"Angka Partisipasi Sekolah ( A P S );19-24;2015;Tahun;25.16;""SUMATERA UTARA"""
"Angka Partisipasi Sekolah ( A P S );19-24;2015;Tahun;33.13;""SUMATERA BARAT"""
Angka Partisipasi Sekolah ( A P S );19-24;2015;Tahun;24.85;RIAU
Angka Partisipasi Sekolah ( A P S );19-24;2015;Tahun;22.22;JAMBI
"Angka Partisipasi Sekolah ( A P S );19-24;2015;Tahun;17;""SUMATERA SELATAN"""
Angka Partisipasi Sekolah ( A P S );19-24;2015;Tahun;28.37;BENGKULU
Angka Partisipasi Sekolah ( A P S );19-24;2015;Tahun;18.81;LAMPUNG
"Angka Partisipasi Sekolah ( A P S );19-24;2015;Tahun;12.73;""KEP. BANGKA BELITUNG"""
"Angka Partisipasi Sekolah ( A P S );19-24;2015;Tahun;17.69;""KEP. RIAU"""
"Angka Partisipasi Sekolah ( A P S );19-24;2015;Tahun;22.71;""DKI JAKARTA"""
"Angka Partisipasi Sekolah ( A P S );19-24;2015;Tahun;19.4;""JAWA BARAT"""
"Angka Partisipasi Sekolah ( A P S );19-24;2015;Tahun;20.57;""JAWA TENGAH"""
"Angka Partisipasi Sekolah ( A P S );19-24;2015;Tahun;49.17;""DI YOGYAKARTA"""
"Angka Partisipasi Sekolah ( A P S );19-24;2015;Tahun;21.95;""JAWA TIMUR"""
Angka Partisipasi Sekolah ( A P S );19-24;2015;Tahun;19.68;BANTEN
Angka Partisipasi Sekolah ( A P S );19-24;2015;Tahun;23.75;BALI
"Angka Partisipasi Sekolah ( A P S );19-24;2015;Tahun;26.84;""NUSA TENGGARA BARAT"""
"Angka Partisipasi Sekolah ( A P S );19-24;2015;Tahun;26.54;""NUSA TENGGARA TIMUR"""
"Angka Partisipasi Sekolah ( A P S );19-24;2015;Tahun;23.32;""KALIMANTAN BARAT"""
"Angka Partisipasi Sekolah ( A P S );19-24;2015;Tahun;22.47;""KALIMANTAN TENGAH"""
"Angka Partisipasi Sekolah ( A P S );19-24;2015;Tahun;20.53;""KALIMANTAN SELATAN"""
"Angka Partisipasi Sekolah ( A P S );19-24;2015;Tahun;27.55;""KALIMANTAN TIMUR"""
"Angka Partisipasi Sekolah ( A P S );19-24;2015;Tahun;17.87;""KALIMANTAN UTARA"""
"Angka Partisipasi Sekolah ( A P S );19-24;2015;Tahun;21.31;""SULAWESI UTARA"""
"Angka Partisipasi Sekolah ( A P S );19-24;2015;Tahun;25.13;""SULAWESI TENGAH"""
"Angka Partisipasi Sekolah ( A P S );19-24;2015;Tahun;30.64;""SULAWESI SELATAN"""
"Angka Partisipasi Sekolah ( A P S );19-24;2015;Tahun;28.89;""SULAWESI TENGGARA"""
Angka Partisipasi Sekolah ( A P S );19-24;2015;Tahun;28.38;GORONTALO
"Angka Partisipasi Sekolah ( A P S );19-24;2015;Tahun;21.97;""SULAWESI BARAT"""
Angka Partisipasi Sekolah ( A P S );19-24;2015;Tahun;36.6;MALUKU
"Angka Partisipasi Sekolah ( A P S );19-24;2015;Tahun;31.25;""MALUKU UTARA"""
"Angka Partisipasi Sekolah ( A P S );19-24;2015;Tahun;29.96;""PAPUA BARAT"""
Angka Partisipasi Sekolah ( A P S );19-24;2015;Tahun;22.55;PAPUA
Angka Partisipasi Sekolah ( A P S );19-24;2015;Tahun;22.95;INDONESIA
Angka Partisipasi Sekolah ( A P S );7-12;2016;Tahun;99.82;ACEH
"Angka Partisipasi Sekolah ( A P S );7-12;2016;Tahun;99.42;""SUMATERA UTARA"""
"Angka Partisipasi Sekolah ( A P S );7-12;2016;Tahun;99.43;""SUMATERA BARAT"""
Angka Partisipasi Sekolah ( A P S );7-12;2016;Tahun;98.87;RIAU
Angka Partisipasi Sekolah ( A P S );7-12;2016;Tahun;99.57;JAMBI
"Angka Partisipasi Sekolah ( A P S );7-12;2016;Tahun;99.61;""SUMATERA SELATAN"""
Angka Partisipasi Sekolah ( A P S );7-12;2016;Tahun;99.7;BENGKULU
Angka Partisipasi Sekolah ( A P S );7-12;2016;Tahun;99.63;LAMPUNG
"Angka Partisipasi Sekolah ( A P S );7-12;2016;Tahun;99.25;""KEP. BANGKA BELITUNG"""
"Angka Partisipasi Sekolah ( A P S );7-12;2016;Tahun;99.33;""KEP. RIAU"""
"Angka Partisipasi Sekolah ( A P S );7-12;2016;Tahun;99.61;""DKI JAKARTA"""
"Angka Partisipasi Sekolah ( A P S );7-12;2016;Tahun;99.54;""JAWA BARAT"""
"Angka Partisipasi Sekolah ( A P S );7-12;2016;Tahun;99.58;""JAWA TENGAH"""
"Angka Partisipasi Sekolah ( A P S );7-12;2016;Tahun;99.84;""DI YOGYAKARTA"""
"Angka Partisipasi Sekolah ( A P S );7-12;2016;Tahun;99.46;""JAWA TIMUR"""
Angka Partisipasi Sekolah ( A P S );7-12;2016;Tahun;99.43;BANTEN
Angka Partisipasi Sekolah ( A P S );7-12;2016;Tahun;99.35;BALI
"Angka Partisipasi Sekolah ( A P S );7-12;2016;Tahun;99.42;""NUSA TENGGARA BARAT"""
"Angka Partisipasi Sekolah ( A P S );7-12;2016;Tahun;98.24;""NUSA TENGGARA TIMUR"""
"Angka Partisipasi Sekolah ( A P S );7-12;2016;Tahun;98.39;""KALIMANTAN BARAT"""
"Angka Partisipasi Sekolah ( A P S );7-12;2016;Tahun;99.49;""KALIMANTAN TENGAH"""
"Angka Partisipasi Sekolah ( A P S );7-12;2016;Tahun;99.48;""KALIMANTAN SELATAN"""
"Angka Partisipasi Sekolah ( A P S );7-12;2016;Tahun;99.54;""KALIMANTAN TIMUR"""
"Angka Partisipasi Sekolah ( A P S );7-12;2016;Tahun;98.45;""KALIMANTAN UTARA"""
"Angka Partisipasi Sekolah ( A P S );7-12;2016;Tahun;99.36;""SULAWESI UTARA"""
"Angka Partisipasi Sekolah ( A P S );7-12;2016;Tahun;98;""SULAWESI TENGAH"""
"Angka Partisipasi Sekolah ( A P S );7-12;2016;Tahun;99.12;""SULAWESI SELATAN"""
"Angka Partisipasi Sekolah ( A P S );7-12;2016;Tahun;99.28;""SULAWESI TENGGARA"""
Angka Partisipasi Sekolah ( A P S );7-12;2016;Tahun;98.71;GORONTALO
"Angka Partisipasi Sekolah ( A P S );7-12;2016;Tahun;98.08;""SULAWESI BARAT"""
Angka Partisipasi Sekolah ( A P S );7-12;2016;Tahun;99.39;MALUKU
"Angka Partisipasi Sekolah ( A P S );7-12;2016;Tahun;99.14;""MALUKU UTARA"""
"Angka Partisipasi Sekolah ( A P S );7-12;2016;Tahun;96.85;""PAPUA BARAT"""
Angka Partisipasi Sekolah ( A P S );7-12;2016;Tahun;81.11;PAPUA
Angka Partisipasi Sekolah ( A P S );7-12;2016;Tahun;99.09;INDONESIA
Angka Partisipasi Sekolah ( A P S );13-15;2016;Tahun;97.89;ACEH
"Angka Partisipasi Sekolah ( A P S );13-15;2016;Tahun;96.48;""SUMATERA UTARA"""
"Angka Partisipasi Sekolah ( A P S );13-15;2016;Tahun;96.17;""SUMATERA BARAT"""
Angka Partisipasi Sekolah ( A P S );13-15;2016;Tahun;94.62;RIAU
Angka Partisipasi Sekolah ( A P S );13-15;2016;Tahun;95.35;JAMBI
"Angka Partisipasi Sekolah ( A P S );13-15;2016;Tahun;93.68;""SUMATERA SELATAN"""
Angka Partisipasi Sekolah ( A P S );13-15;2016;Tahun;96.96;BENGKULU
Angka Partisipasi Sekolah ( A P S );13-15;2016;Tahun;94.32;LAMPUNG
"Angka Partisipasi Sekolah ( A P S );13-15;2016;Tahun;92.03;""KEP. BANGKA BELITUNG"""
"Angka Partisipasi Sekolah ( A P S );13-15;2016;Tahun;98.78;""KEP. RIAU"""
"Angka Partisipasi Sekolah ( A P S );13-15;2016;Tahun;97.47;""DKI JAKARTA"""
"Angka Partisipasi Sekolah ( A P S );13-15;2016;Tahun;93.41;""JAWA BARAT"""
"Angka Partisipasi Sekolah ( A P S );13-15;2016;Tahun;95.41;""JAWA TENGAH"""
"Angka Partisipasi Sekolah ( A P S );13-15;2016;Tahun;99.62;""DI YOGYAKARTA"""
"Angka Partisipasi Sekolah ( A P S );13-15;2016;Tahun;96.69;""JAWA TIMUR"""
Angka Partisipasi Sekolah ( A P S );13-15;2016;Tahun;95.59;BANTEN
Angka Partisipasi Sekolah ( A P S );13-15;2016;Tahun;97.55;BALI
"Angka Partisipasi Sekolah ( A P S );13-15;2016;Tahun;97.6;""NUSA TENGGARA BARAT"""
"Angka Partisipasi Sekolah ( A P S );13-15;2016;Tahun;94.6;""NUSA TENGGARA TIMUR"""
"Angka Partisipasi Sekolah ( A P S );13-15;2016;Tahun;92.12;""KALIMANTAN BARAT"""
"Angka Partisipasi Sekolah ( A P S );13-15;2016;Tahun;93.25;""KALIMANTAN TENGAH"""
"Angka Partisipasi Sekolah ( A P S );13-15;2016;Tahun;92.21;""KALIMANTAN SELATAN"""
"Angka Partisipasi Sekolah ( A P S );13-15;2016;Tahun;98.18;""KALIMANTAN TIMUR"""
"Angka Partisipasi Sekolah ( A P S );13-15;2016;Tahun;93.79;""KALIMANTAN UTARA"""
"Angka Partisipasi Sekolah ( A P S );13-15;2016;Tahun;94.89;""SULAWESI UTARA"""
"Angka Partisipasi Sekolah ( A P S );13-15;2016;Tahun;92.08;""SULAWESI TENGAH"""
"Angka Partisipasi Sekolah ( A P S );13-15;2016;Tahun;92.85;""SULAWESI SELATAN"""
"Angka Partisipasi Sekolah ( A P S );13-15;2016;Tahun;93.94;""SULAWESI TENGGARA"""
Angka Partisipasi Sekolah ( A P S );13-15;2016;Tahun;91.01;GORONTALO
"Angka Partisipasi Sekolah ( A P S );13-15;2016;Tahun;89.93;""SULAWESI BARAT"""
Angka Partisipasi Sekolah ( A P S );13-15;2016;Tahun;96.6;MALUKU
"Angka Partisipasi Sekolah ( A P S );13-15;2016;Tahun;96.9;""MALUKU UTARA"""
"Angka Partisipasi Sekolah ( A P S );13-15;2016;Tahun;96.86;""PAPUA BARAT"""
Angka Partisipasi Sekolah ( A P S );13-15;2016;Tahun;78.86;PAPUA
Angka Partisipasi Sekolah ( A P S );13-15;2016;Tahun;94.88;INDONESIA
Angka Partisipasi Sekolah ( A P S );16-18;2016;Tahun;81.82;ACEH
"Angka Partisipasi Sekolah ( A P S );16-18;2016;Tahun;76.43;""SUMATERA UTARA"""
"Angka Partisipasi Sekolah ( A P S );16-18;2016;Tahun;82.62;""SUMATERA BARAT"""
Angka Partisipasi Sekolah ( A P S );16-18;2016;Tahun;75.68;RIAU
Angka Partisipasi Sekolah ( A P S );16-18;2016;Tahun;71.2;JAMBI
"Angka Partisipasi Sekolah ( A P S );16-18;2016;Tahun;68.67;""SUMATERA SELATAN"""
Angka Partisipasi Sekolah ( A P S );16-18;2016;Tahun;78.37;BENGKULU
Angka Partisipasi Sekolah ( A P S );16-18;2016;Tahun;69.31;LAMPUNG
"Angka Partisipasi Sekolah ( A P S );16-18;2016;Tahun;66.35;""KEP. BANGKA BELITUNG"""
"Angka Partisipasi Sekolah ( A P S );16-18;2016;Tahun;82.04;""KEP. RIAU"""
"Angka Partisipasi Sekolah ( A P S );16-18;2016;Tahun;70.83;""DKI JAKARTA"""
"Angka Partisipasi Sekolah ( A P S );16-18;2016;Tahun;65.82;""JAWA BARAT"""
"Angka Partisipasi Sekolah ( A P S );16-18;2016;Tahun;67.95;""JAWA TENGAH"""
"Angka Partisipasi Sekolah ( A P S );16-18;2016;Tahun;87.2;""DI YOGYAKARTA"""
"Angka Partisipasi Sekolah ( A P S );16-18;2016;Tahun;70.54;""JAWA TIMUR"""
Angka Partisipasi Sekolah ( A P S );16-18;2016;Tahun;67;BANTEN
Angka Partisipasi Sekolah ( A P S );16-18;2016;Tahun;81.98;BALI
"Angka Partisipasi Sekolah ( A P S );16-18;2016;Tahun;76.24;""NUSA TENGGARA BARAT"""
"Angka Partisipasi Sekolah ( A P S );16-18;2016;Tahun;74.56;""NUSA TENGGARA TIMUR"""
"Angka Partisipasi Sekolah ( A P S );16-18;2016;Tahun;67.16;""KALIMANTAN BARAT"""
"Angka Partisipasi Sekolah ( A P S );16-18;2016;Tahun;66.12;""KALIMANTAN TENGAH"""
"Angka Partisipasi Sekolah ( A P S );16-18;2016;Tahun;67.91;""KALIMANTAN SELATAN"""
"Angka Partisipasi Sekolah ( A P S );16-18;2016;Tahun;80.81;""KALIMANTAN TIMUR"""
"Angka Partisipasi Sekolah ( A P S );16-18;2016;Tahun;74.72;""KALIMANTAN UTARA"""
"Angka Partisipasi Sekolah ( A P S );16-18;2016;Tahun;72.57;""SULAWESI UTARA"""
"Angka Partisipasi Sekolah ( A P S );16-18;2016;Tahun;73.96;""SULAWESI TENGAH"""
"Angka Partisipasi Sekolah ( A P S );16-18;2016;Tahun;70.09;""SULAWESI SELATAN"""
"Angka Partisipasi Sekolah ( A P S );16-18;2016;Tahun;72.67;""SULAWESI TENGGARA"""
Angka Partisipasi Sekolah ( A P S );16-18;2016;Tahun;69.12;GORONTALO
"Angka Partisipasi Sekolah ( A P S );16-18;2016;Tahun;67.34;""SULAWESI BARAT"""
Angka Partisipasi Sekolah ( A P S );16-18;2016;Tahun;78.19;MALUKU
"Angka Partisipasi Sekolah ( A P S );16-18;2016;Tahun;75.58;""MALUKU UTARA"""
"Angka Partisipasi Sekolah ( A P S );16-18;2016;Tahun;80.28;""PAPUA BARAT"""
Angka Partisipasi Sekolah ( A P S );16-18;2016;Tahun;62.07;PAPUA
Angka Partisipasi Sekolah ( A P S );16-18;2016;Tahun;70.83;INDONESIA
Angka Partisipasi Sekolah ( A P S );19-24;2016;Tahun;33.94;ACEH
"Angka Partisipasi Sekolah ( A P S );19-24;2016;Tahun;26.62;""SUMATERA UTARA"""
"Angka Partisipasi Sekolah ( A P S );19-24;2016;Tahun;34.71;""SUMATERA BARAT"""
Angka Partisipasi Sekolah ( A P S );19-24;2016;Tahun;26.18;RIAU
Angka Partisipasi Sekolah ( A P S );19-24;2016;Tahun;23.86;JAMBI
"Angka Partisipasi Sekolah ( A P S );19-24;2016;Tahun;18.07;""SUMATERA SELATAN"""
Angka Partisipasi Sekolah ( A P S );19-24;2016;Tahun;28.93;BENGKULU
Angka Partisipasi Sekolah ( A P S );19-24;2016;Tahun;19.72;LAMPUNG
"Angka Partisipasi Sekolah ( A P S );19-24;2016;Tahun;13.81;""KEP. BANGKA BELITUNG"""
"Angka Partisipasi Sekolah ( A P S );19-24;2016;Tahun;18.58;""KEP. RIAU"""
"Angka Partisipasi Sekolah ( A P S );19-24;2016;Tahun;23.06;""DKI JAKARTA"""
"Angka Partisipasi Sekolah ( A P S );19-24;2016;Tahun;20.37;""JAWA BARAT"""
"Angka Partisipasi Sekolah ( A P S );19-24;2016;Tahun;21.59;""JAWA TENGAH"""
"Angka Partisipasi Sekolah ( A P S );19-24;2016;Tahun;49.95;""DI YOGYAKARTA"""
"Angka Partisipasi Sekolah ( A P S );19-24;2016;Tahun;22.67;""JAWA TIMUR"""
Angka Partisipasi Sekolah ( A P S );19-24;2016;Tahun;20.74;BANTEN
Angka Partisipasi Sekolah ( A P S );19-24;2016;Tahun;25.36;BALI
"Angka Partisipasi Sekolah ( A P S );19-24;2016;Tahun;27.79;""NUSA TENGGARA BARAT"""
"Angka Partisipasi Sekolah ( A P S );19-24;2016;Tahun;26.75;""NUSA TENGGARA TIMUR"""
"Angka Partisipasi Sekolah ( A P S );19-24;2016;Tahun;24.75;""KALIMANTAN BARAT"""
"Angka Partisipasi Sekolah ( A P S );19-24;2016;Tahun;22.72;""KALIMANTAN TENGAH"""
"Angka Partisipasi Sekolah ( A P S );19-24;2016;Tahun;21.89;""KALIMANTAN SELATAN"""
"Angka Partisipasi Sekolah ( A P S );19-24;2016;Tahun;28.88;""KALIMANTAN TIMUR"""
"Angka Partisipasi Sekolah ( A P S );19-24;2016;Tahun;19.07;""KALIMANTAN UTARA"""
"Angka Partisipasi Sekolah ( A P S );19-24;2016;Tahun;22.82;""SULAWESI UTARA"""
"Angka Partisipasi Sekolah ( A P S );19-24;2016;Tahun;25.57;""SULAWESI TENGAH"""
"Angka Partisipasi Sekolah ( A P S );19-24;2016;Tahun;31.48;""SULAWESI SELATAN"""
"Angka Partisipasi Sekolah ( A P S );19-24;2016;Tahun;29.31;""SULAWESI TENGGARA"""
Angka Partisipasi Sekolah ( A P S );19-24;2016;Tahun;28.98;GORONTALO
"Angka Partisipasi Sekolah ( A P S );19-24;2016;Tahun;22.36;""SULAWESI BARAT"""
Angka Partisipasi Sekolah ( A P S );19-24;2016;Tahun;37.51;MALUKU
"Angka Partisipasi Sekolah ( A P S );19-24;2016;Tahun;31.75;""MALUKU UTARA"""
"Angka Partisipasi Sekolah ( A P S );19-24;2016;Tahun;31.45;""PAPUA BARAT"""
Angka Partisipasi Sekolah ( A P S );19-24;2016;Tahun;23.75;PAPUA
Angka Partisipasi Sekolah ( A P S );19-24;2016;Tahun;23.93;INDONESIA
Angka Partisipasi Sekolah ( A P S );7-12;2017;Tahun;99.85;ACEH
"Angka Partisipasi Sekolah ( A P S );7-12;2017;Tahun;99.49;""SUMATERA UTARA"""
"Angka Partisipasi Sekolah ( A P S );7-12;2017;Tahun;99.5;""SUMATERA BARAT"""
Angka Partisipasi Sekolah ( A P S );7-12;2017;Tahun;98.98;RIAU
Angka Partisipasi Sekolah ( A P S );7-12;2017;Tahun;99.59;JAMBI
"Angka Partisipasi Sekolah ( A P S );7-12;2017;Tahun;99.63;""SUMATERA SELATAN"""
Angka Partisipasi Sekolah ( A P S );7-12;2017;Tahun;99.8;BENGKULU
Angka Partisipasi Sekolah ( A P S );7-12;2017;Tahun;99.78;LAMPUNG
"Angka Partisipasi Sekolah ( A P S );7-12;2017;Tahun;99.64;""KEP. BANGKA BELITUNG"""
"Angka Partisipasi Sekolah ( A P S );7-12;2017;Tahun;99.32;""KEP. RIAU"""
"Angka Partisipasi Sekolah ( A P S );7-12;2017;Tahun;99.67;""DKI JAKARTA"""
"Angka Partisipasi Sekolah ( A P S );7-12;2017;Tahun;99.51;""JAWA BARAT"""
"Angka Partisipasi Sekolah ( A P S );7-12;2017;Tahun;99.62;""JAWA TENGAH"""
"Angka Partisipasi Sekolah ( A P S );7-12;2017;Tahun;99.87;""DI YOGYAKARTA"""
"Angka Partisipasi Sekolah ( A P S );7-12;2017;Tahun;99.57;""JAWA TIMUR"""
Angka Partisipasi Sekolah ( A P S );7-12;2017;Tahun;99.31;BANTEN
Angka Partisipasi Sekolah ( A P S );7-12;2017;Tahun;99.44;BALI
"Angka Partisipasi Sekolah ( A P S );7-12;2017;Tahun;99.43;""NUSA TENGGARA BARAT"""
"Angka Partisipasi Sekolah ( A P S );7-12;2017;Tahun;98.27;""NUSA TENGGARA TIMUR"""
"Angka Partisipasi Sekolah ( A P S );7-12;2017;Tahun;98.44;""KALIMANTAN BARAT"""
"Angka Partisipasi Sekolah ( A P S );7-12;2017;Tahun;99.5;""KALIMANTAN TENGAH"""
"Angka Partisipasi Sekolah ( A P S );7-12;2017;Tahun;99.55;""KALIMANTAN SELATAN"""
"Angka Partisipasi Sekolah ( A P S );7-12;2017;Tahun;99.67;""KALIMANTAN TIMUR"""
"Angka Partisipasi Sekolah ( A P S );7-12;2017;Tahun;98.34;""KALIMANTAN UTARA"""
"Angka Partisipasi Sekolah ( A P S );7-12;2017;Tahun;99.37;""SULAWESI UTARA"""
"Angka Partisipasi Sekolah ( A P S );7-12;2017;Tahun;98.15;""SULAWESI TENGAH"""
"Angka Partisipasi Sekolah ( A P S );7-12;2017;Tahun;99.16;""SULAWESI SELATAN"""
"Angka Partisipasi Sekolah ( A P S );7-12;2017;Tahun;99.32;""SULAWESI TENGGARA"""
Angka Partisipasi Sekolah ( A P S );7-12;2017;Tahun;98.76;GORONTALO
"Angka Partisipasi Sekolah ( A P S );7-12;2017;Tahun;98.1;""SULAWESI BARAT"""
Angka Partisipasi Sekolah ( A P S );7-12;2017;Tahun;99.72;MALUKU
"Angka Partisipasi Sekolah ( A P S );7-12;2017;Tahun;99.19;""MALUKU UTARA"""
"Angka Partisipasi Sekolah ( A P S );7-12;2017;Tahun;97.27;""PAPUA BARAT"""
Angka Partisipasi Sekolah ( A P S );7-12;2017;Tahun;81.8;PAPUA
Angka Partisipasi Sekolah ( A P S );7-12;2017;Tahun;99.14;INDONESIA
Angka Partisipasi Sekolah ( A P S );13-15;2017;Tahun;98.09;ACEH
"Angka Partisipasi Sekolah ( A P S );13-15;2017;Tahun;96.6;""SUMATERA UTARA"""
"Angka Partisipasi Sekolah ( A P S );13-15;2017;Tahun;96.29;""SUMATERA BARAT"""
Angka Partisipasi Sekolah ( A P S );13-15;2017;Tahun;94.73;RIAU
Angka Partisipasi Sekolah ( A P S );13-15;2017;Tahun;95.89;JAMBI
"Angka Partisipasi Sekolah ( A P S );13-15;2017;Tahun;94.01;""SUMATERA SELATAN"""
Angka Partisipasi Sekolah ( A P S );13-15;2017;Tahun;97.2;BENGKULU
Angka Partisipasi Sekolah ( A P S );13-15;2017;Tahun;94.76;LAMPUNG
"Angka Partisipasi Sekolah ( A P S );13-15;2017;Tahun;92.41;""KEP. BANGKA BELITUNG"""
"Angka Partisipasi Sekolah ( A P S );13-15;2017;Tahun;99.08;""KEP. RIAU"""
"Angka Partisipasi Sekolah ( A P S );13-15;2017;Tahun;97.64;""DKI JAKARTA"""
"Angka Partisipasi Sekolah ( A P S );13-15;2017;Tahun;93.77;""JAWA BARAT"""
"Angka Partisipasi Sekolah ( A P S );13-15;2017;Tahun;95.48;""JAWA TENGAH"""
"Angka Partisipasi Sekolah ( A P S );13-15;2017;Tahun;99.63;""DI YOGYAKARTA"""
"Angka Partisipasi Sekolah ( A P S );13-15;2017;Tahun;96.77;""JAWA TIMUR"""
Angka Partisipasi Sekolah ( A P S );13-15;2017;Tahun;95.67;BANTEN
Angka Partisipasi Sekolah ( A P S );13-15;2017;Tahun;97.72;BALI
"Angka Partisipasi Sekolah ( A P S );13-15;2017;Tahun;97.69;""NUSA TENGGARA BARAT"""
"Angka Partisipasi Sekolah ( A P S );13-15;2017;Tahun;94.76;""NUSA TENGGARA TIMUR"""
"Angka Partisipasi Sekolah ( A P S );13-15;2017;Tahun;92.51;""KALIMANTAN BARAT"""
"Angka Partisipasi Sekolah ( A P S );13-15;2017;Tahun;93.37;""KALIMANTAN TENGAH"""
"Angka Partisipasi Sekolah ( A P S );13-15;2017;Tahun;92.33;""KALIMANTAN SELATAN"""
"Angka Partisipasi Sekolah ( A P S );13-15;2017;Tahun;98.79;""KALIMANTAN TIMUR"""
"Angka Partisipasi Sekolah ( A P S );13-15;2017;Tahun;96.04;""KALIMANTAN UTARA"""
"Angka Partisipasi Sekolah ( A P S );13-15;2017;Tahun;94.91;""SULAWESI UTARA"""
"Angka Partisipasi Sekolah ( A P S );13-15;2017;Tahun;92.41;""SULAWESI TENGAH"""
"Angka Partisipasi Sekolah ( A P S );13-15;2017;Tahun;93.09;""SULAWESI SELATAN"""
"Angka Partisipasi Sekolah ( A P S );13-15;2017;Tahun;94.08;""SULAWESI TENGGARA"""
Angka Partisipasi Sekolah ( A P S );13-15;2017;Tahun;91.23;GORONTALO
"Angka Partisipasi Sekolah ( A P S );13-15;2017;Tahun;89.88;""SULAWESI BARAT"""
Angka Partisipasi Sekolah ( A P S );13-15;2017;Tahun;96.86;MALUKU
"Angka Partisipasi Sekolah ( A P S );13-15;2017;Tahun;97.24;""MALUKU UTARA"""
"Angka Partisipasi Sekolah ( A P S );13-15;2017;Tahun;96.92;""PAPUA BARAT"""
Angka Partisipasi Sekolah ( A P S );13-15;2017;Tahun;79.09;PAPUA
Angka Partisipasi Sekolah ( A P S );13-15;2017;Tahun;95.08;INDONESIA
Angka Partisipasi Sekolah ( A P S );16-18;2017;Tahun;82.15;ACEH
"Angka Partisipasi Sekolah ( A P S );16-18;2017;Tahun;76.76;""SUMATERA UTARA"""
"Angka Partisipasi Sekolah ( A P S );16-18;2017;Tahun;82.86;""SUMATERA BARAT"""
Angka Partisipasi Sekolah ( A P S );16-18;2017;Tahun;76.52;RIAU
Angka Partisipasi Sekolah ( A P S );16-18;2017;Tahun;71.54;JAMBI
"Angka Partisipasi Sekolah ( A P S );16-18;2017;Tahun;69.05;""SUMATERA SELATAN"""
Angka Partisipasi Sekolah ( A P S );16-18;2017;Tahun;79.07;BENGKULU
Angka Partisipasi Sekolah ( A P S );16-18;2017;Tahun;70.03;LAMPUNG
"Angka Partisipasi Sekolah ( A P S );16-18;2017;Tahun;66.99;""KEP. BANGKA BELITUNG"""
"Angka Partisipasi Sekolah ( A P S );16-18;2017;Tahun;82.8;""KEP. RIAU"""
"Angka Partisipasi Sekolah ( A P S );16-18;2017;Tahun;71.5;""DKI JAKARTA"""
"Angka Partisipasi Sekolah ( A P S );16-18;2017;Tahun;66.62;""JAWA BARAT"""
"Angka Partisipasi Sekolah ( A P S );16-18;2017;Tahun;68.48;""JAWA TENGAH"""
"Angka Partisipasi Sekolah ( A P S );16-18;2017;Tahun;87.61;""DI YOGYAKARTA"""
"Angka Partisipasi Sekolah ( A P S );16-18;2017;Tahun;71.51;""JAWA TIMUR"""
Angka Partisipasi Sekolah ( A P S );16-18;2017;Tahun;67.77;BANTEN
Angka Partisipasi Sekolah ( A P S );16-18;2017;Tahun;82.16;BALI
"Angka Partisipasi Sekolah ( A P S );16-18;2017;Tahun;76.61;""NUSA TENGGARA BARAT"""
"Angka Partisipasi Sekolah ( A P S );16-18;2017;Tahun;74.65;""NUSA TENGGARA TIMUR"""
"Angka Partisipasi Sekolah ( A P S );16-18;2017;Tahun;67.53;""KALIMANTAN BARAT"""
"Angka Partisipasi Sekolah ( A P S );16-18;2017;Tahun;66.62;""KALIMANTAN TENGAH"""
"Angka Partisipasi Sekolah ( A P S );16-18;2017;Tahun;68.3;""KALIMANTAN SELATAN"""
"Angka Partisipasi Sekolah ( A P S );16-18;2017;Tahun;81.32;""KALIMANTAN TIMUR"""
"Angka Partisipasi Sekolah ( A P S );16-18;2017;Tahun;75.12;""KALIMANTAN UTARA"""
"Angka Partisipasi Sekolah ( A P S );16-18;2017;Tahun;73.04;""SULAWESI UTARA"""
"Angka Partisipasi Sekolah ( A P S );16-18;2017;Tahun;74.87;""SULAWESI TENGAH"""
"Angka Partisipasi Sekolah ( A P S );16-18;2017;Tahun;70.6;""SULAWESI SELATAN"""
"Angka Partisipasi Sekolah ( A P S );16-18;2017;Tahun;72.94;""SULAWESI TENGGARA"""
Angka Partisipasi Sekolah ( A P S );16-18;2017;Tahun;69.86;GORONTALO
"Angka Partisipasi Sekolah ( A P S );16-18;2017;Tahun;68.03;""SULAWESI BARAT"""
Angka Partisipasi Sekolah ( A P S );16-18;2017;Tahun;79.08;MALUKU
"Angka Partisipasi Sekolah ( A P S );16-18;2017;Tahun;76.06;""MALUKU UTARA"""
"Angka Partisipasi Sekolah ( A P S );16-18;2017;Tahun;80.6;""PAPUA BARAT"""
Angka Partisipasi Sekolah ( A P S );16-18;2017;Tahun;63.35;PAPUA
Angka Partisipasi Sekolah ( A P S );16-18;2017;Tahun;71.42;INDONESIA
Angka Partisipasi Sekolah ( A P S );19-24;2017;Tahun;34.28;ACEH
"Angka Partisipasi Sekolah ( A P S );19-24;2017;Tahun;26.8;""SUMATERA UTARA"""
"Angka Partisipasi Sekolah ( A P S );19-24;2017;Tahun;35.45;""SUMATERA BARAT"""
Angka Partisipasi Sekolah ( A P S );19-24;2017;Tahun;27.28;RIAU
Angka Partisipasi Sekolah ( A P S );19-24;2017;Tahun;24.12;JAMBI
"Angka Partisipasi Sekolah ( A P S );19-24;2017;Tahun;19.17;""SUMATERA SELATAN"""
Angka Partisipasi Sekolah ( A P S );19-24;2017;Tahun;29.9;BENGKULU
Angka Partisipasi Sekolah ( A P S );19-24;2017;Tahun;20.96;LAMPUNG
"Angka Partisipasi Sekolah ( A P S );19-24;2017;Tahun;14.99;""KEP. BANGKA BELITUNG"""
"Angka Partisipasi Sekolah ( A P S );19-24;2017;Tahun;19.13;""KEP. RIAU"""
"Angka Partisipasi Sekolah ( A P S );19-24;2017;Tahun;24.6;""DKI JAKARTA"""
"Angka Partisipasi Sekolah ( A P S );19-24;2017;Tahun;21.5;""JAWA BARAT"""
"Angka Partisipasi Sekolah ( A P S );19-24;2017;Tahun;22.13;""JAWA TENGAH"""
"Angka Partisipasi Sekolah ( A P S );19-24;2017;Tahun;51.33;""DI YOGYAKARTA"""
"Angka Partisipasi Sekolah ( A P S );19-24;2017;Tahun;23.34;""JAWA TIMUR"""
Angka Partisipasi Sekolah ( A P S );19-24;2017;Tahun;21.33;BANTEN
Angka Partisipasi Sekolah ( A P S );19-24;2017;Tahun;26.56;BALI
"Angka Partisipasi Sekolah ( A P S );19-24;2017;Tahun;28.52;""NUSA TENGGARA BARAT"""
"Angka Partisipasi Sekolah ( A P S );19-24;2017;Tahun;27.8;""NUSA TENGGARA TIMUR"""
"Angka Partisipasi Sekolah ( A P S );19-24;2017;Tahun;25.8;""KALIMANTAN BARAT"""
"Angka Partisipasi Sekolah ( A P S );19-24;2017;Tahun;24.15;""KALIMANTAN TENGAH"""
"Angka Partisipasi Sekolah ( A P S );19-24;2017;Tahun;23.53;""KALIMANTAN SELATAN"""
"Angka Partisipasi Sekolah ( A P S );19-24;2017;Tahun;30.04;""KALIMANTAN TIMUR"""
"Angka Partisipasi Sekolah ( A P S );19-24;2017;Tahun;20.72;""KALIMANTAN UTARA"""
"Angka Partisipasi Sekolah ( A P S );19-24;2017;Tahun;24.22;""SULAWESI UTARA"""
"Angka Partisipasi Sekolah ( A P S );19-24;2017;Tahun;26.31;""SULAWESI TENGAH"""
"Angka Partisipasi Sekolah ( A P S );19-24;2017;Tahun;32.16;""SULAWESI SELATAN"""
"Angka Partisipasi Sekolah ( A P S );19-24;2017;Tahun;30.03;""SULAWESI TENGGARA"""
Angka Partisipasi Sekolah ( A P S );19-24;2017;Tahun;29.21;GORONTALO
"Angka Partisipasi Sekolah ( A P S );19-24;2017;Tahun;23.49;""SULAWESI BARAT"""
Angka Partisipasi Sekolah ( A P S );19-24;2017;Tahun;38.2;MALUKU
"Angka Partisipasi Sekolah ( A P S );19-24;2017;Tahun;32.1;""MALUKU UTARA"""
"Angka Partisipasi Sekolah ( A P S );19-24;2017;Tahun;31.92;""PAPUA BARAT"""
Angka Partisipasi Sekolah ( A P S );19-24;2017;Tahun;24.57;PAPUA
Angka Partisipasi Sekolah ( A P S );19-24;2017;Tahun;24.77;INDONESIA
Angka Partisipasi Sekolah ( A P S );7-12;2018;Tahun;99.86;ACEH
"Angka Partisipasi Sekolah ( A P S );7-12;2018;Tahun;99.5;""SUMATERA UTARA"""
"Angka Partisipasi Sekolah ( A P S );7-12;2018;Tahun;99.51;""SUMATERA BARAT"""
Angka Partisipasi Sekolah ( A P S );7-12;2018;Tahun;99.07;RIAU
Angka Partisipasi Sekolah ( A P S );7-12;2018;Tahun;99.67;JAMBI
"Angka Partisipasi Sekolah ( A P S );7-12;2018;Tahun;99.71;""SUMATERA SELATAN"""
Angka Partisipasi Sekolah ( A P S );7-12;2018;Tahun;99.87;BENGKULU
Angka Partisipasi Sekolah ( A P S );7-12;2018;Tahun;99.86;LAMPUNG
"Angka Partisipasi Sekolah ( A P S );7-12;2018;Tahun;99.85;""KEP. BANGKA BELITUNG"""
"Angka Partisipasi Sekolah ( A P S );7-12;2018;Tahun;99.52;""KEP. RIAU"""
"Angka Partisipasi Sekolah ( A P S );7-12;2018;Tahun;99.77;""DKI JAKARTA"""
"Angka Partisipasi Sekolah ( A P S );7-12;2018;Tahun;99.52;""JAWA BARAT"""
"Angka Partisipasi Sekolah ( A P S );7-12;2018;Tahun;99.76;""JAWA TENGAH"""
"Angka Partisipasi Sekolah ( A P S );7-12;2018;Tahun;99.9;""DI YOGYAKARTA"""
"Angka Partisipasi Sekolah ( A P S );7-12;2018;Tahun;99.62;""JAWA TIMUR"""
Angka Partisipasi Sekolah ( A P S );7-12;2018;Tahun;99.39;BANTEN
Angka Partisipasi Sekolah ( A P S );7-12;2018;Tahun;99.56;BALI
"Angka Partisipasi Sekolah ( A P S );7-12;2018;Tahun;99.43;""NUSA TENGGARA BARAT"""
"Angka Partisipasi Sekolah ( A P S );7-12;2018;Tahun;98.28;""NUSA TENGGARA TIMUR"""
"Angka Partisipasi Sekolah ( A P S );7-12;2018;Tahun;98.43;""KALIMANTAN BARAT"""
"Angka Partisipasi Sekolah ( A P S );7-12;2018;Tahun;99.66;""KALIMANTAN TENGAH"""
"Angka Partisipasi Sekolah ( A P S );7-12;2018;Tahun;99.64;""KALIMANTAN SELATAN"""
"Angka Partisipasi Sekolah ( A P S );7-12;2018;Tahun;99.76;""KALIMANTAN TIMUR"""
"Angka Partisipasi Sekolah ( A P S );7-12;2018;Tahun;98.24;""KALIMANTAN UTARA"""
"Angka Partisipasi Sekolah ( A P S );7-12;2018;Tahun;99.36;""SULAWESI UTARA"""
"Angka Partisipasi Sekolah ( A P S );7-12;2018;Tahun;98.24;""SULAWESI TENGAH"""
"Angka Partisipasi Sekolah ( A P S );7-12;2018;Tahun;99.25;""SULAWESI SELATAN"""
"Angka Partisipasi Sekolah ( A P S );7-12;2018;Tahun;99.28;""SULAWESI TENGGARA"""
Angka Partisipasi Sekolah ( A P S );7-12;2018;Tahun;98.76;GORONTALO
"Angka Partisipasi Sekolah ( A P S );7-12;2018;Tahun;98.25;""SULAWESI BARAT"""
Angka Partisipasi Sekolah ( A P S );7-12;2018;Tahun;99.71;MALUKU
"Angka Partisipasi Sekolah ( A P S );7-12;2018;Tahun;99.08;""MALUKU UTARA"""
"Angka Partisipasi Sekolah ( A P S );7-12;2018;Tahun;97.31;""PAPUA BARAT"""
Angka Partisipasi Sekolah ( A P S );7-12;2018;Tahun;82.43;PAPUA
Angka Partisipasi Sekolah ( A P S );7-12;2018;Tahun;99.22;INDONESIA
Angka Partisipasi Sekolah ( A P S );13-15;2018;Tahun;98.49;ACEH
"Angka Partisipasi Sekolah ( A P S );13-15;2018;Tahun;96.75;""SUMATERA UTARA"""
"Angka Partisipasi Sekolah ( A P S );13-15;2018;Tahun;96.37;""SUMATERA BARAT"""
Angka Partisipasi Sekolah ( A P S );13-15;2018;Tahun;94.95;RIAU
Angka Partisipasi Sekolah ( A P S );13-15;2018;Tahun;96.14;JAMBI
"Angka Partisipasi Sekolah ( A P S );13-15;2018;Tahun;94.41;""SUMATERA SELATAN"""
Angka Partisipasi Sekolah ( A P S );13-15;2018;Tahun;97.36;BENGKULU
Angka Partisipasi Sekolah ( A P S );13-15;2018;Tahun;95;LAMPUNG
"Angka Partisipasi Sekolah ( A P S );13-15;2018;Tahun;92.7;""KEP. BANGKA BELITUNG"""
"Angka Partisipasi Sekolah ( A P S );13-15;2018;Tahun;99.2;""KEP. RIAU"""
"Angka Partisipasi Sekolah ( A P S );13-15;2018;Tahun;97.77;""DKI JAKARTA"""
"Angka Partisipasi Sekolah ( A P S );13-15;2018;Tahun;94.15;""JAWA BARAT"""
"Angka Partisipasi Sekolah ( A P S );13-15;2018;Tahun;95.79;""JAWA TENGAH"""
"Angka Partisipasi Sekolah ( A P S );13-15;2018;Tahun;99.72;""DI YOGYAKARTA"""
"Angka Partisipasi Sekolah ( A P S );13-15;2018;Tahun;97.02;""JAWA TIMUR"""
Angka Partisipasi Sekolah ( A P S );13-15;2018;Tahun;95.79;BANTEN
Angka Partisipasi Sekolah ( A P S );13-15;2018;Tahun;97.92;BALI
"Angka Partisipasi Sekolah ( A P S );13-15;2018;Tahun;97.72;""NUSA TENGGARA BARAT"""
"Angka Partisipasi Sekolah ( A P S );13-15;2018;Tahun;94.95;""NUSA TENGGARA TIMUR"""
"Angka Partisipasi Sekolah ( A P S );13-15;2018;Tahun;92.84;""KALIMANTAN BARAT"""
"Angka Partisipasi Sekolah ( A P S );13-15;2018;Tahun;93.87;""KALIMANTAN TENGAH"""
"Angka Partisipasi Sekolah ( A P S );13-15;2018;Tahun;92.43;""KALIMANTAN SELATAN"""
"Angka Partisipasi Sekolah ( A P S );13-15;2018;Tahun;98.89;""KALIMANTAN TIMUR"""
"Angka Partisipasi Sekolah ( A P S );13-15;2018;Tahun;96.38;""KALIMANTAN UTARA"""
"Angka Partisipasi Sekolah ( A P S );13-15;2018;Tahun;95;""SULAWESI UTARA"""
"Angka Partisipasi Sekolah ( A P S );13-15;2018;Tahun;92.74;""SULAWESI TENGAH"""
"Angka Partisipasi Sekolah ( A P S );13-15;2018;Tahun;93.13;""SULAWESI SELATAN"""
"Angka Partisipasi Sekolah ( A P S );13-15;2018;Tahun;94.29;""SULAWESI TENGGARA"""
Angka Partisipasi Sekolah ( A P S );13-15;2018;Tahun;91.38;GORONTALO
"Angka Partisipasi Sekolah ( A P S );13-15;2018;Tahun;89.95;""SULAWESI BARAT"""
Angka Partisipasi Sekolah ( A P S );13-15;2018;Tahun;97.05;MALUKU
"Angka Partisipasi Sekolah ( A P S );13-15;2018;Tahun;97.47;""MALUKU UTARA"""
"Angka Partisipasi Sekolah ( A P S );13-15;2018;Tahun;97.08;""PAPUA BARAT"""
Angka Partisipasi Sekolah ( A P S );13-15;2018;Tahun;80;PAPUA
Angka Partisipasi Sekolah ( A P S );13-15;2018;Tahun;95.36;INDONESIA
Angka Partisipasi Sekolah ( A P S );16-18;2018;Tahun;82.92;ACEH
"Angka Partisipasi Sekolah ( A P S );16-18;2018;Tahun;77.41;""SUMATERA UTARA"""
"Angka Partisipasi Sekolah ( A P S );16-18;2018;Tahun;83.08;""SUMATERA BARAT"""
Angka Partisipasi Sekolah ( A P S );16-18;2018;Tahun;77.27;RIAU
Angka Partisipasi Sekolah ( A P S );16-18;2018;Tahun;71.94;JAMBI
"Angka Partisipasi Sekolah ( A P S );16-18;2018;Tahun;69.65;""SUMATERA SELATAN"""
Angka Partisipasi Sekolah ( A P S );16-18;2018;Tahun;79.33;BENGKULU
Angka Partisipasi Sekolah ( A P S );16-18;2018;Tahun;70.83;LAMPUNG
"Angka Partisipasi Sekolah ( A P S );16-18;2018;Tahun;67.11;""KEP. BANGKA BELITUNG"""
"Angka Partisipasi Sekolah ( A P S );16-18;2018;Tahun;83.78;""KEP. RIAU"""
"Angka Partisipasi Sekolah ( A P S );16-18;2018;Tahun;71.81;""DKI JAKARTA"""
"Angka Partisipasi Sekolah ( A P S );16-18;2018;Tahun;67.17;""JAWA BARAT"""
"Angka Partisipasi Sekolah ( A P S );16-18;2018;Tahun;69.02;""JAWA TENGAH"""
"Angka Partisipasi Sekolah ( A P S );16-18;2018;Tahun;88.39;""DI YOGYAKARTA"""
"Angka Partisipasi Sekolah ( A P S );16-18;2018;Tahun;72.18;""JAWA TIMUR"""
Angka Partisipasi Sekolah ( A P S );16-18;2018;Tahun;68.35;BANTEN
Angka Partisipasi Sekolah ( A P S );16-18;2018;Tahun;82.35;BALI
"Angka Partisipasi Sekolah ( A P S );16-18;2018;Tahun;76.89;""NUSA TENGGARA BARAT"""
"Angka Partisipasi Sekolah ( A P S );16-18;2018;Tahun;74.83;""NUSA TENGGARA TIMUR"""
"Angka Partisipasi Sekolah ( A P S );16-18;2018;Tahun;68.35;""KALIMANTAN BARAT"""
"Angka Partisipasi Sekolah ( A P S );16-18;2018;Tahun;66.95;""KALIMANTAN TENGAH"""
"Angka Partisipasi Sekolah ( A P S );16-18;2018;Tahun;68.66;""KALIMANTAN SELATAN"""
"Angka Partisipasi Sekolah ( A P S );16-18;2018;Tahun;81.55;""KALIMANTAN TIMUR"""
"Angka Partisipasi Sekolah ( A P S );16-18;2018;Tahun;75.62;""KALIMANTAN UTARA"""
"Angka Partisipasi Sekolah ( A P S );16-18;2018;Tahun;73.67;""SULAWESI UTARA"""
"Angka Partisipasi Sekolah ( A P S );16-18;2018;Tahun;75.05;""SULAWESI TENGAH"""
"Angka Partisipasi Sekolah ( A P S );16-18;2018;Tahun;70.81;""SULAWESI SELATAN"""
"Angka Partisipasi Sekolah ( A P S );16-18;2018;Tahun;73.47;""SULAWESI TENGGARA"""
Angka Partisipasi Sekolah ( A P S );16-18;2018;Tahun;70.75;GORONTALO
"Angka Partisipasi Sekolah ( A P S );16-18;2018;Tahun;68.69;""SULAWESI BARAT"""
Angka Partisipasi Sekolah ( A P S );16-18;2018;Tahun;79.12;MALUKU
"Angka Partisipasi Sekolah ( A P S );16-18;2018;Tahun;76.36;""MALUKU UTARA"""
"Angka Partisipasi Sekolah ( A P S );16-18;2018;Tahun;80.81;""PAPUA BARAT"""
Angka Partisipasi Sekolah ( A P S );16-18;2018;Tahun;63.48;PAPUA
Angka Partisipasi Sekolah ( A P S );16-18;2018;Tahun;71.99;INDONESIA
Angka Partisipasi Sekolah ( A P S );19-24;2018;Tahun;32.59;ACEH
"Angka Partisipasi Sekolah ( A P S );19-24;2018;Tahun;25.31;""SUMATERA UTARA"""
"Angka Partisipasi Sekolah ( A P S );19-24;2018;Tahun;33.87;""SUMATERA BARAT"""
Angka Partisipasi Sekolah ( A P S );19-24;2018;Tahun;27.19;RIAU
Angka Partisipasi Sekolah ( A P S );19-24;2018;Tahun;22.16;JAMBI
"Angka Partisipasi Sekolah ( A P S );19-24;2018;Tahun;17.15;""SUMATERA SELATAN"""
Angka Partisipasi Sekolah ( A P S );19-24;2018;Tahun;29.15;BENGKULU
Angka Partisipasi Sekolah ( A P S );19-24;2018;Tahun;20.6;LAMPUNG
"Angka Partisipasi Sekolah ( A P S );19-24;2018;Tahun;15.99;""KEP. BANGKA BELITUNG"""
"Angka Partisipasi Sekolah ( A P S );19-24;2018;Tahun;18.24;""KEP. RIAU"""
"Angka Partisipasi Sekolah ( A P S );19-24;2018;Tahun;24.41;""DKI JAKARTA"""
"Angka Partisipasi Sekolah ( A P S );19-24;2018;Tahun;21.96;""JAWA BARAT"""
"Angka Partisipasi Sekolah ( A P S );19-24;2018;Tahun;21.92;""JAWA TENGAH"""
"Angka Partisipasi Sekolah ( A P S );19-24;2018;Tahun;51.69;""DI YOGYAKARTA"""
"Angka Partisipasi Sekolah ( A P S );19-24;2018;Tahun;22.86;""JAWA TIMUR"""
Angka Partisipasi Sekolah ( A P S );19-24;2018;Tahun;20.42;BANTEN
Angka Partisipasi Sekolah ( A P S );19-24;2018;Tahun;27.24;BALI
"Angka Partisipasi Sekolah ( A P S );19-24;2018;Tahun;25.74;""NUSA TENGGARA BARAT"""
"Angka Partisipasi Sekolah ( A P S );19-24;2018;Tahun;28.27;""NUSA TENGGARA TIMUR"""
"Angka Partisipasi Sekolah ( A P S );19-24;2018;Tahun;23.86;""KALIMANTAN BARAT"""
"Angka Partisipasi Sekolah ( A P S );19-24;2018;Tahun;24.27;""KALIMANTAN TENGAH"""
"Angka Partisipasi Sekolah ( A P S );19-24;2018;Tahun;23.82;""KALIMANTAN SELATAN"""
"Angka Partisipasi Sekolah ( A P S );19-24;2018;Tahun;29.84;""KALIMANTAN TIMUR"""
"Angka Partisipasi Sekolah ( A P S );19-24;2018;Tahun;23.04;""KALIMANTAN UTARA"""
"Angka Partisipasi Sekolah ( A P S );19-24;2018;Tahun;21.45;""SULAWESI UTARA"""
"Angka Partisipasi Sekolah ( A P S );19-24;2018;Tahun;27.15;""SULAWESI TENGAH"""
"Angka Partisipasi Sekolah ( A P S );19-24;2018;Tahun;33.72;""SULAWESI SELATAN"""
"Angka Partisipasi Sekolah ( A P S );19-24;2018;Tahun;30.01;""SULAWESI TENGGARA"""
Angka Partisipasi Sekolah ( A P S );19-24;2018;Tahun;30.58;GORONTALO
"Angka Partisipasi Sekolah ( A P S );19-24;2018;Tahun;24.1;""SULAWESI BARAT"""
Angka Partisipasi Sekolah ( A P S );19-24;2018;Tahun;37.82;MALUKU
"Angka Partisipasi Sekolah ( A P S );19-24;2018;Tahun;31.36;""MALUKU UTARA"""
"Angka Partisipasi Sekolah ( A P S );19-24;2018;Tahun;30.84;""PAPUA BARAT"""
Angka Partisipasi Sekolah ( A P S );19-24;2018;Tahun;23.37;PAPUA
Angka Partisipasi Sekolah ( A P S );19-24;2018;Tahun;24.4;INDONESIA
Angka Partisipasi Sekolah ( A P S );7-12;2019;Tahun;99.747489262056;ACEH
"Angka Partisipasi Sekolah ( A P S );7-12;2019;Tahun;99.40744518148;""SUMATERA UTARA"""
"Angka Partisipasi Sekolah ( A P S );7-12;2019;Tahun;99.523832661557;""SUMATERA BARAT"""
Angka Partisipasi Sekolah ( A P S );7-12;2019;Tahun;99.361853904128;RIAU
Angka Partisipasi Sekolah ( A P S );7-12;2019;Tahun;99.700207610066;JAMBI
"Angka Partisipasi Sekolah ( A P S );7-12;2019;Tahun;99.708606380581;""SUMATERA SELATAN"""
Angka Partisipasi Sekolah ( A P S );7-12;2019;Tahun;99.774130318489;BENGKULU
Angka Partisipasi Sekolah ( A P S );7-12;2019;Tahun;99.796292621101;LAMPUNG
"Angka Partisipasi Sekolah ( A P S );7-12;2019;Tahun;99.756538477908;""KEP. BANGKA BELITUNG"""
"Angka Partisipasi Sekolah ( A P S );7-12;2019;Tahun;99.476741030776;""KEP. RIAU"""
"Angka Partisipasi Sekolah ( A P S );7-12;2019;Tahun;99.632977978536;""DKI JAKARTA"""
"Angka Partisipasi Sekolah ( A P S );7-12;2019;Tahun;99.527019331224;""JAWA BARAT"""
"Angka Partisipasi Sekolah ( A P S );7-12;2019;Tahun;99.769094427069;""JAWA TENGAH"""
"Angka Partisipasi Sekolah ( A P S );7-12;2019;Tahun;99.897934631724;""DI YOGYAKARTA"""
"Angka Partisipasi Sekolah ( A P S );7-12;2019;Tahun;99.654295122901;""JAWA TIMUR"""
Angka Partisipasi Sekolah ( A P S );7-12;2019;Tahun;99.438605002888;BANTEN
Angka Partisipasi Sekolah ( A P S );7-12;2019;Tahun;99.736428080111;BALI
"Angka Partisipasi Sekolah ( A P S );7-12;2019;Tahun;99.455758988961;""NUSA TENGGARA BARAT"""
"Angka Partisipasi Sekolah ( A P S );7-12;2019;Tahun;98.470861854659;""NUSA TENGGARA TIMUR"""
"Angka Partisipasi Sekolah ( A P S );7-12;2019;Tahun;98.521475280289;""KALIMANTAN BARAT"""
"Angka Partisipasi Sekolah ( A P S );7-12;2019;Tahun;99.661906247569;""KALIMANTAN TENGAH"""
"Angka Partisipasi Sekolah ( A P S );7-12;2019;Tahun;99.534088662439;""KALIMANTAN SELATAN"""
"Angka Partisipasi Sekolah ( A P S );7-12;2019;Tahun;99.67575747018;""KALIMANTAN TIMUR"""
"Angka Partisipasi Sekolah ( A P S );7-12;2019;Tahun;98.821488543494;""KALIMANTAN UTARA"""
"Angka Partisipasi Sekolah ( A P S );7-12;2019;Tahun;99.388926972444;""SULAWESI UTARA"""
"Angka Partisipasi Sekolah ( A P S );7-12;2019;Tahun;98.401136218737;""SULAWESI TENGAH"""
"Angka Partisipasi Sekolah ( A P S );7-12;2019;Tahun;99.234429257278;""SULAWESI SELATAN"""
"Angka Partisipasi Sekolah ( A P S );7-12;2019;Tahun;99.134411278406;""SULAWESI TENGGARA"""
Angka Partisipasi Sekolah ( A P S );7-12;2019;Tahun;98.963505427471;GORONTALO
"Angka Partisipasi Sekolah ( A P S );7-12;2019;Tahun;98.336126437598;""SULAWESI BARAT"""
Angka Partisipasi Sekolah ( A P S );7-12;2019;Tahun;99.610536007531;MALUKU
"Angka Partisipasi Sekolah ( A P S );7-12;2019;Tahun;98.966176673494;""MALUKU UTARA"""
"Angka Partisipasi Sekolah ( A P S );7-12;2019;Tahun;97.683944408735;""PAPUA BARAT"""
Angka Partisipasi Sekolah ( A P S );7-12;2019;Tahun;82.670982620521;PAPUA
Angka Partisipasi Sekolah ( A P S );7-12;2019;Tahun;99.235718803157;INDONESIA
Angka Partisipasi Sekolah ( A P S );13-15;2019;Tahun;98.518358425226;ACEH
"Angka Partisipasi Sekolah ( A P S );13-15;2019;Tahun;96.885554297152;""SUMATERA UTARA"""
"Angka Partisipasi Sekolah ( A P S );13-15;2019;Tahun;96.230914954594;""SUMATERA BARAT"""
Angka Partisipasi Sekolah ( A P S );13-15;2019;Tahun;95.369498206634;RIAU
Angka Partisipasi Sekolah ( A P S );13-15;2019;Tahun;96.417220808869;JAMBI
"Angka Partisipasi Sekolah ( A P S );13-15;2019;Tahun;94.5091225007;""SUMATERA SELATAN"""
Angka Partisipasi Sekolah ( A P S );13-15;2019;Tahun;97.17524839374;BENGKULU
Angka Partisipasi Sekolah ( A P S );13-15;2019;Tahun;94.885403043373;LAMPUNG
"Angka Partisipasi Sekolah ( A P S );13-15;2019;Tahun;92.870671839648;""KEP. BANGKA BELITUNG"""
"Angka Partisipasi Sekolah ( A P S );13-15;2019;Tahun;98.501643906319;""KEP. RIAU"""
"Angka Partisipasi Sekolah ( A P S );13-15;2019;Tahun;98.331855992068;""DKI JAKARTA"""
"Angka Partisipasi Sekolah ( A P S );13-15;2019;Tahun;94.179107334333;""JAWA BARAT"""
"Angka Partisipasi Sekolah ( A P S );13-15;2019;Tahun;96.11265525187;""JAWA TENGAH"""
"Angka Partisipasi Sekolah ( A P S );13-15;2019;Tahun;99.559132174421;""DI YOGYAKARTA"""
"Angka Partisipasi Sekolah ( A P S );13-15;2019;Tahun;97.433803632093;""JAWA TIMUR"""
Angka Partisipasi Sekolah ( A P S );13-15;2019;Tahun;95.7914799343;BANTEN
Angka Partisipasi Sekolah ( A P S );13-15;2019;Tahun;97.722654109067;BALI
"Angka Partisipasi Sekolah ( A P S );13-15;2019;Tahun;97.917448003744;""NUSA TENGGARA BARAT"""
"Angka Partisipasi Sekolah ( A P S );13-15;2019;Tahun;95.114672538522;""NUSA TENGGARA TIMUR"""
"Angka Partisipasi Sekolah ( A P S );13-15;2019;Tahun;92.851954782126;""KALIMANTAN BARAT"""
"Angka Partisipasi Sekolah ( A P S );13-15;2019;Tahun;94.08974682199;""KALIMANTAN TENGAH"""
"Angka Partisipasi Sekolah ( A P S );13-15;2019;Tahun;92.82906020921;""KALIMANTAN SELATAN"""
"Angka Partisipasi Sekolah ( A P S );13-15;2019;Tahun;98.833983448875;""KALIMANTAN TIMUR"""
"Angka Partisipasi Sekolah ( A P S );13-15;2019;Tahun;96.495416305921;""KALIMANTAN UTARA"""
"Angka Partisipasi Sekolah ( A P S );13-15;2019;Tahun;95.177298399103;""SULAWESI UTARA"""
"Angka Partisipasi Sekolah ( A P S );13-15;2019;Tahun;93.007018412052;""SULAWESI TENGAH"""
"Angka Partisipasi Sekolah ( A P S );13-15;2019;Tahun;93.218315180546;""SULAWESI SELATAN"""
"Angka Partisipasi Sekolah ( A P S );13-15;2019;Tahun;94.777587984916;""SULAWESI TENGGARA"""
Angka Partisipasi Sekolah ( A P S );13-15;2019;Tahun;91.644520315067;GORONTALO
"Angka Partisipasi Sekolah ( A P S );13-15;2019;Tahun;89.922379484694;""SULAWESI BARAT"""
Angka Partisipasi Sekolah ( A P S );13-15;2019;Tahun;97.287031164718;MALUKU
"Angka Partisipasi Sekolah ( A P S );13-15;2019;Tahun;96.969649872422;""MALUKU UTARA"""
"Angka Partisipasi Sekolah ( A P S );13-15;2019;Tahun;96.575832626336;""PAPUA BARAT"""
Angka Partisipasi Sekolah ( A P S );13-15;2019;Tahun;80.125281717128;PAPUA
Angka Partisipasi Sekolah ( A P S );13-15;2019;Tahun;95.512527538404;INDONESIA
Angka Partisipasi Sekolah ( A P S );16-18;2019;Tahun;83.260443100181;ACEH
"Angka Partisipasi Sekolah ( A P S );16-18;2019;Tahun;77.666851848011;""SUMATERA UTARA"""
"Angka Partisipasi Sekolah ( A P S );16-18;2019;Tahun;83.633525759928;""SUMATERA BARAT"""
Angka Partisipasi Sekolah ( A P S );16-18;2019;Tahun;77.287532300415;RIAU
Angka Partisipasi Sekolah ( A P S );16-18;2019;Tahun;71.967124567406;JAMBI
"Angka Partisipasi Sekolah ( A P S );16-18;2019;Tahun;70.291266403059;""SUMATERA SELATAN"""
Angka Partisipasi Sekolah ( A P S );16-18;2019;Tahun;79.388830375467;BENGKULU
Angka Partisipasi Sekolah ( A P S );16-18;2019;Tahun;71.04751712067;LAMPUNG
"Angka Partisipasi Sekolah ( A P S );16-18;2019;Tahun;67.790007114041;""KEP. BANGKA BELITUNG"""
"Angka Partisipasi Sekolah ( A P S );16-18;2019;Tahun;84.040068038344;""KEP. RIAU"""
"Angka Partisipasi Sekolah ( A P S );16-18;2019;Tahun;72.007083069395;""DKI JAKARTA"""
"Angka Partisipasi Sekolah ( A P S );16-18;2019;Tahun;67.292872795277;""JAWA BARAT"""
"Angka Partisipasi Sekolah ( A P S );16-18;2019;Tahun;69.651420641287;""JAWA TENGAH"""
"Angka Partisipasi Sekolah ( A P S );16-18;2019;Tahun;88.966638032831;""DI YOGYAKARTA"""
"Angka Partisipasi Sekolah ( A P S );16-18;2019;Tahun;72.741393284203;""JAWA TIMUR"""
Angka Partisipasi Sekolah ( A P S );16-18;2019;Tahun;68.719994160502;BANTEN
Angka Partisipasi Sekolah ( A P S );16-18;2019;Tahun;82.833015508588;BALI
"Angka Partisipasi Sekolah ( A P S );16-18;2019;Tahun;77.513301511149;""NUSA TENGGARA BARAT"""
"Angka Partisipasi Sekolah ( A P S );16-18;2019;Tahun;75.362210133652;""NUSA TENGGARA TIMUR"""
"Angka Partisipasi Sekolah ( A P S );16-18;2019;Tahun;68.374096277772;""KALIMANTAN BARAT"""
"Angka Partisipasi Sekolah ( A P S );16-18;2019;Tahun;66.953518191162;""KALIMANTAN TENGAH"""
"Angka Partisipasi Sekolah ( A P S );16-18;2019;Tahun;69.191686478133;""KALIMANTAN SELATAN"""
"Angka Partisipasi Sekolah ( A P S );16-18;2019;Tahun;81.808173807409;""KALIMANTAN TIMUR"""
"Angka Partisipasi Sekolah ( A P S );16-18;2019;Tahun;76.062689855073;""KALIMANTAN UTARA"""
"Angka Partisipasi Sekolah ( A P S );16-18;2019;Tahun;74.036242757973;""SULAWESI UTARA"""
"Angka Partisipasi Sekolah ( A P S );16-18;2019;Tahun;75.725733286448;""SULAWESI TENGAH"""
"Angka Partisipasi Sekolah ( A P S );16-18;2019;Tahun;70.852778809318;""SULAWESI SELATAN"""
"Angka Partisipasi Sekolah ( A P S );16-18;2019;Tahun;74.033614476719;""SULAWESI TENGGARA"""
Angka Partisipasi Sekolah ( A P S );16-18;2019;Tahun;71.435900827354;GORONTALO
"Angka Partisipasi Sekolah ( A P S );16-18;2019;Tahun;69.306220344902;""SULAWESI BARAT"""
Angka Partisipasi Sekolah ( A P S );16-18;2019;Tahun;79.646348168738;MALUKU
"Angka Partisipasi Sekolah ( A P S );16-18;2019;Tahun;76.412695536422;""MALUKU UTARA"""
"Angka Partisipasi Sekolah ( A P S );16-18;2019;Tahun;81.492685214181;""PAPUA BARAT"""
Angka Partisipasi Sekolah ( A P S );16-18;2019;Tahun;63.498435935696;PAPUA
Angka Partisipasi Sekolah ( A P S );16-18;2019;Tahun;72.358188364317;INDONESIA
Angka Partisipasi Sekolah ( A P S );19-24;2019;Tahun;32.539884263713;ACEH
"Angka Partisipasi Sekolah ( A P S );19-24;2019;Tahun;25.749838805863;""SUMATERA UTARA"""
"Angka Partisipasi Sekolah ( A P S );19-24;2019;Tahun;35.664870400012;""SUMATERA BARAT"""
Angka Partisipasi Sekolah ( A P S );19-24;2019;Tahun;28.158404433343;RIAU
Angka Partisipasi Sekolah ( A P S );19-24;2019;Tahun;23.315773057812;JAMBI
"Angka Partisipasi Sekolah ( A P S );19-24;2019;Tahun;18.065916652501;""SUMATERA SELATAN"""
Angka Partisipasi Sekolah ( A P S );19-24;2019;Tahun;30.708376621061;BENGKULU
Angka Partisipasi Sekolah ( A P S );19-24;2019;Tahun;20.694768250044;LAMPUNG
"Angka Partisipasi Sekolah ( A P S );19-24;2019;Tahun;17.005866693531;""KEP. BANGKA BELITUNG"""
"Angka Partisipasi Sekolah ( A P S );19-24;2019;Tahun;18.975868223464;""KEP. RIAU"""
"Angka Partisipasi Sekolah ( A P S );19-24;2019;Tahun;24.521578741302;""DKI JAKARTA"""
"Angka Partisipasi Sekolah ( A P S );19-24;2019;Tahun;22.710880470549;""JAWA BARAT"""
"Angka Partisipasi Sekolah ( A P S );19-24;2019;Tahun;22.413023468493;""JAWA TENGAH"""
"Angka Partisipasi Sekolah ( A P S );19-24;2019;Tahun;51.853941849739;""DI YOGYAKARTA"""
"Angka Partisipasi Sekolah ( A P S );19-24;2019;Tahun;24.803528093643;""JAWA TIMUR"""
Angka Partisipasi Sekolah ( A P S );19-24;2019;Tahun;21.430780091889;BANTEN
Angka Partisipasi Sekolah ( A P S );19-24;2019;Tahun;27.864895398513;BALI
"Angka Partisipasi Sekolah ( A P S );19-24;2019;Tahun;25.589237380052;""NUSA TENGGARA BARAT"""
"Angka Partisipasi Sekolah ( A P S );19-24;2019;Tahun;29.266906586096;""NUSA TENGGARA TIMUR"""
"Angka Partisipasi Sekolah ( A P S );19-24;2019;Tahun;23.690305827417;""KALIMANTAN BARAT"""
"Angka Partisipasi Sekolah ( A P S );19-24;2019;Tahun;23.981699948574;""KALIMANTAN TENGAH"""
"Angka Partisipasi Sekolah ( A P S );19-24;2019;Tahun;24.342832397477;""KALIMANTAN SELATAN"""
"Angka Partisipasi Sekolah ( A P S );19-24;2019;Tahun;29.887473398837;""KALIMANTAN TIMUR"""
"Angka Partisipasi Sekolah ( A P S );19-24;2019;Tahun;23.113229595394;""KALIMANTAN UTARA"""
"Angka Partisipasi Sekolah ( A P S );19-24;2019;Tahun;22.549206745299;""SULAWESI UTARA"""
"Angka Partisipasi Sekolah ( A P S );19-24;2019;Tahun;27.394016632743;""SULAWESI TENGAH"""
"Angka Partisipasi Sekolah ( A P S );19-24;2019;Tahun;34.441282843068;""SULAWESI SELATAN"""
"Angka Partisipasi Sekolah ( A P S );19-24;2019;Tahun;31.269935000516;""SULAWESI TENGGARA"""
Angka Partisipasi Sekolah ( A P S );19-24;2019;Tahun;30.965554153385;GORONTALO
"Angka Partisipasi Sekolah ( A P S );19-24;2019;Tahun;23.638327359961;""SULAWESI BARAT"""
Angka Partisipasi Sekolah ( A P S );19-24;2019;Tahun;38.57931230147;MALUKU
"Angka Partisipasi Sekolah ( A P S );19-24;2019;Tahun;31.232309871373;""MALUKU UTARA"""
"Angka Partisipasi Sekolah ( A P S );19-24;2019;Tahun;31.476599698978;""PAPUA BARAT"""
Angka Partisipasi Sekolah ( A P S );19-24;2019;Tahun;22.912638443325;PAPUA
Angka Partisipasi Sekolah ( A P S );19-24;2019;Tahun;25.209832165788;INDONESIA
Angka Partisipasi Sekolah ( A P S );19-24;2019;Tahun;25.209832165788;INDONESIA
